–î–∞–ª—å–Ω–µ–≤–æ—Å—Ç–æ—á–Ω—ã–π –æ–∫—Ä—É–≥,–ü—Ä–∏–º–æ—Ä—Å–∫–∏–π –∫—Ä–∞–π,–í–ª–∞–¥–∏–≤–æ—Å—Ç–æ–∫,–†–∞–∑–≤–ª–µ—á–µ–Ω–∏—è –≤ –í–ª–∞–¥–∏–≤–æ—Å—Ç–æ–∫–µ,–ë—É—Ö—Ç–∞ –ó–æ–ª–æ—Ç–æ–π –†–æ–≥,,2,,
–î–∞–ª—å–Ω–µ–≤–æ—Å—Ç–æ—á–Ω—ã–π –æ–∫—Ä—É–≥,–ü—Ä–∏–º–æ—Ä—Å–∫–∏–π –∫—Ä–∞–π,–í–ª–∞–¥–∏–≤–æ—Å—Ç–æ–∫,–†–∞–∑–≤–ª–µ—á–µ–Ω–∏—è –≤ –í–ª–∞–¥–∏–≤–æ—Å—Ç–æ–∫–µ,–ë—É—Ö—Ç–∞ –ó–æ–ª–æ—Ç–æ–π –†–æ–≥,,4,,
–î–∞–ª—å–Ω–µ–≤–æ—Å—Ç–æ—á–Ω—ã–π –æ–∫—Ä—É–≥,–ü—Ä–∏–º–æ—Ä—Å–∫–∏–π –∫—Ä–∞–π,–í–ª–∞–¥–∏–≤–æ—Å—Ç–æ–∫,–†–∞–∑–≤–ª–µ—á–µ–Ω–∏—è –≤ –í–ª–∞–¥–∏–≤–æ—Å—Ç–æ–∫–µ,–ë—É—Ö—Ç–∞ –ó–æ–ª–æ—Ç–æ–π –†–æ–≥,,5,,
–î–∞–ª—å–Ω–µ–≤–æ—Å—Ç–æ—á–Ω—ã–π –æ–∫—Ä—É–≥,–ü—Ä–∏–º–æ—Ä—Å–∫–∏–π –∫—Ä–∞–π,–í–ª–∞–¥–∏–≤–æ—Å—Ç–æ–∫,–†–∞–∑–≤–ª–µ—á–µ–Ω–∏—è –≤ –í–ª–∞–¥–∏–≤–æ—Å—Ç–æ–∫–µ,–ë—É—Ö—Ç–∞ –ó–æ–ª–æ—Ç–æ–π –†–æ–≥,Academyjapanese,5,"–®–∏–∫–∞—Ä–Ω–æ–µ –º–µ—Å—Ç–æ –¥–ª—è –ø—Ä–æ–≥—É–ª–æ–∫ —Å —Å–µ–º—å–µ–π –∏ –≤ –æ–¥–∏–Ω–æ—á–µ—Å—Ç–≤–µ : –º–æ–∂–Ω–æ –ø–æ–≥—É–ª—è—Ç—å –≤–¥–æ–ª—å –±—É—Ö—Ç—ã –ø–æ –Ω–∞–±–µ—Ä–µ–∂–Ω—ã–º, –Ω–∞—Å–ª–∞–¥–∏—Ç—å—Å—è –µ—é —Å –≤–æ–¥—ã",–û–ø—É–±–ª–∏–∫–æ–≤–∞–Ω–æ 18 –∞–≤–≥—É—Å—Ç–∞ 2021 –≥.
–î–∞–ª—å–Ω–µ–≤–æ—Å—Ç–æ—á–Ω—ã–π –æ–∫—Ä—É–≥,–ü—Ä–∏–º–æ—Ä—Å–∫–∏–π –∫—Ä–∞–π,–í–ª–∞–¥–∏–≤–æ—Å—Ç–æ–∫,–†–∞–∑–≤–ª–µ—á–µ–Ω–∏—è –≤ –í–ª–∞–¥–∏–≤–æ—Å—Ç–æ–∫–µ,–ë—É—Ö—Ç–∞ –ó–æ–ª–æ—Ç–æ–π –†–æ–≥,Aleksandr S,5,"–í–ª–∞–¥–∏–≤–æ—Å—Ç–æ–∫ —Å –∫—É—Ä—Å–∞–Ω—Ç–∞–º–∏ –∏–∑ –ö–∞–ª–∏–Ω–∏–Ω–≥—Ä–∞–¥–∞ –ø–æ—Å–µ—Ç–∏–ª ‚öìÔ∏è—á–µ—Ç—ã—Ä–µ—Ö–º–∞—á—Ç–æ–≤—ã–π –±–∞—Ä–∫ ""–°–µ–¥–æ–≤"". ‚õµÔ∏è üåä–°–º–æ—Ç—Ä–∏—à—å üëÄ–Ω–∞ —ç—Ç–æ–≥–æ –±–µ–ª–æ—Å–Ω–µ–∂–Ω–æ–≥–æ –∫—Ä–∞—Å–∞–≤—Ü–∞, –æ–¥–Ω–æ–≥–æ –∏–∑ –∫—Ä—É–ø–Ω–µ–π—à–∏—Ö –≤ –º–∏—Ä–µ –ø–∞—Ä—É—Å–Ω–∏–∫–æ–≤, –Ω–µ –≤–µ—Ä–∏—à—åü§∑‚Äç‚ôÇÔ∏è, —á—Ç–æ –≤ —Å–ª–µ–¥—É—é—â–µ–º –≥–æ–¥—É –æ–Ω –æ—Ç–º–µ—Ç–∏—Ç –≤–µ–∫–æ–≤–æ–π —é–±–∏–ª–µ–π! üíØ üéä",
–î–∞–ª—å–Ω–µ–≤–æ—Å—Ç–æ—á–Ω—ã–π –æ–∫—Ä—É–≥,–ü—Ä–∏–º–æ—Ä—Å–∫–∏–π –∫—Ä–∞–π,–í–ª–∞–¥–∏–≤–æ—Å—Ç–æ–∫,–†–∞–∑–≤–ª–µ—á–µ–Ω–∏—è –≤ –í–ª–∞–¥–∏–≤–æ—Å—Ç–æ–∫–µ,–ë—É—Ö—Ç–∞ –ó–æ–ª–æ—Ç–æ–π –†–æ–≥,Alexey K,3,"–û–¥–Ω–æ–∏–º—ë–Ω–Ω–∞—è —Å –±—É—Ö—Ç–æ–π –≤ –°—Ç–∞–º–±—É–ª–µ.
–°–º–æ—Ç—Ä–∏—Ç—Å—è –æ—Ç–ª–∏—á–Ω–æ, –º–Ω–æ–≥–æ –∫–æ—Ä–∞–±–ª–µ–π.

–û—á–µ–Ω—å —Ö–æ—Ä–æ—à–∏–π –≤–∏–¥ - –∫–æ–≥–¥–∞ –ø—Ä–æ–µ–∑–∂–∞–µ—à—å –ø–æ –†—É—Å—Å–∫–æ–º—É –º–æ—Å—Ç—É (—Å–∞–¥–∏—Ç–µ—Å—å —Å –ø—Ä–∞–≤–æ–π —Å—Ç–æ—Ä–æ–Ω—ã).",
–î–∞–ª—å–Ω–µ–≤–æ—Å—Ç–æ—á–Ω—ã–π –æ–∫—Ä—É–≥,–ü—Ä–∏–º–æ—Ä—Å–∫–∏–π –∫—Ä–∞–π,–í–ª–∞–¥–∏–≤–æ—Å—Ç–æ–∫,–†–∞–∑–≤–ª–µ—á–µ–Ω–∏—è –≤ –í–ª–∞–¥–∏–≤–æ—Å—Ç–æ–∫–µ,–ë—É—Ö—Ç–∞ –ó–æ–ª–æ—Ç–æ–π –†–æ–≥,Vadim,4,"–î–∏–∫–æ–≤–∏–Ω–Ω–æ–µ –Ω–∞–∑–≤–∞–Ω–∏–µ –±—É—Ö—Ç–µ, –∫–∞–∫ –∏–∑–≤–µ—Å—Ç–Ω–æ –¥–∞–ª –ú—É—Ä–∞–≤—å—ë–≤-–ê–º—É—Ä—Å–∫–∏–π, —É–≤–∏–¥–µ–≤—à–∏–π —Å—Ö–æ–∂–µ—Å—Ç—å –µ—ë —Å–æ –°—Ç–∞–º–±—É–ª–æ–º-–ö–æ–Ω—Å—Ç–∞–Ω—Ç–∏–Ω–æ–ø–æ–ª–µ–º. –û–≥—Ä–æ–º–Ω—ã–π –≤–∞–Ω—Ç–æ–≤—ã–π –ó–æ–ª–æ—Ç–æ–π –º–æ—Å—Ç, –ø—Ä–∞–≤–¥–∞, –Ω–µ –ø–æ–∑–≤–æ–ª—è–µ—Ç –ø–æ—Å–º–æ—Ç—Ä–µ—Ç—å –Ω–∞ –±—É—Ö—Ç—É –≥–ª–∞–∑–∞–º–∏ –ú—É—Ä–∞–≤—å—ë–≤–∞. –ö—Å—Ç–∞—Ç–∏, –ø—Ä–æ–ª–∏–≤, —á–µ—Ä–µ–∑ –∫–æ—Ç–æ—Ä—ã–π —Å—É–¥–∞ –≤—ã—Ö–æ–¥—è—Ç –≤ –ê–º—É—Ä—Å–∫–∏–π –∑–∞–ª–∏–≤ —Ç–æ–∂–µ –Ω–∞–∑–≤–∞–ª–∏ –ë–æ—Å—Ñ–æ—Ä–æ–º. –ü—Ä–∏—Ä–æ–¥—ã –∫–∞–∫ –≤–æ –≤—Ä–µ–º–µ–Ω–∞ –≥—É–±–µ—Ä–Ω–∞—Ç–æ—Ä–∞ –í–æ—Å—Ç–æ—á–Ω–æ–π –°–∏–±–∏—Ä–∏ –Ω–µ –æ—Å—Ç–∞–ª–æ—Å—å. –ù–∞ —Å–µ–≤–µ—Ä–æ-–≤–æ—Å—Ç–æ–∫–µ –±—É—Ö—Ç—ã —Ä–∞—Å–ø–æ–ª–æ–∂–∏–ª—Å—è –í–ª–∞–¥–∏–≤–æ—Å—Ç–æ–∫—Å–∫–∏–π –º–æ—Ä—Å–∫–æ–π —Ç–æ—Ä–≥–æ–≤—ã–π –ø–æ—Ä—Ç, –≤ –ø–æ—Å–ª–µ–¥–Ω–∏–µ –≥–æ–¥—ã –æ–±–æ—à–µ–¥—à–∏–π –ø–æ –≥—Ä—É–∑–æ–æ–±–æ—Ä–æ—Ç—É –ù–∞—Ö–æ–¥–∫—É, —Å–ø–µ—Ü–∏–∞–ª—å–Ω–æ —Å–æ–∑–¥–∞–Ω–Ω—É—é –≤ –°–°–°–† —á—Ç–æ–±—ã —Ä–∞–∑–≥—Ä—É–∑–∏—Ç—å –ó–æ–ª–æ—Ç–æ–π –†–æ–≥. –û—Å—Ç–∞–≤—à–∞—è—Å—è —á–∞—Å—Ç—å –±–µ—Ä–µ–≥–æ–≤–æ–π –ª–∏–Ω–∏–∏ –∑–∞–Ω—è—Ç—ã —Ä—ã–±–Ω—ã–º –ø–æ—Ä—Ç–æ–º, —Å—É–¥–æ—Ä–µ–º–æ–Ω—Ç–Ω—ã–º –∑–∞–≤–æ–¥–æ–º ¬´–î–∞–ª—å–∑–∞–≤–æ–¥¬ª –∏ –¢–∏—Ö–æ–æ–∫–µ–∞–Ω—Å–∫–∏–º —Ñ–ª–æ—Ç–æ–º, –í—Å—ë –∫–∞–∫ —É –Ω–∞—Å –≤ –ú—É—Ä–º–∞–Ω—Å–∫–µ, —Ç–æ–ª—å–∫–æ —Ñ–ª–æ—Ç —É –Ω–∞—Å –≤ –°–µ–≤–µ—Ä–æ–º–æ—Ä—Å–∫–µ –∏ –±–µ—Ä–µ–≥–æ–≤–∞—è –ª–∏–Ω–∏—è –¥–ª–∏–Ω–Ω–µ–µ. –ü–æ–¥–æ–±–Ω–∞—è –∫–æ–Ω—Ü–µ–Ω—Ç—Ä–∞—Ü–∏—è –ø—Ä–∏–≤–µ–ª–∞ –∫ –æ–≥—Ä–æ–º–Ω–æ–º—É –∑–∞–≥—Ä—è–∑–Ω–µ–Ω–∏—é –∏ —É–Ω–∏—á—Ç–æ–∂–µ–Ω–∏—é –∫–∞–∫–æ–π-–ª–∏–±–æ –º–æ—Ä—Å–∫–æ–π —Ñ–ª–æ—Ä—ã (—Ç–æ–∂–µ –∫–∞–∫ —É –Ω–∞—Å –Ω–∞ –°–µ–≤–µ—Ä–µ). –ó–∞—Ö–æ–¥–∏—Ç—å –≤ –≤–æ–¥—É —Å—é–¥–∞ –Ω–µ —Å—Ç–æ–∏—Ç. –ö–∞–∫ —Å–∫–∞–∑–∞–Ω–æ –≤ —Å–∫–∞–∑–∫–µ: ""–ö–æ–∑–ª—ë–Ω–æ—á–∫–æ–º —Å—Ç–∞–Ω–µ—à—å"". –†—ã–±—É —Å –±–µ—Ä–µ–≥–∞ –ª–æ–≤–∏—Ç—å —Ç–æ–∂–µ –Ω–µ —Å—Ç–æ–∏—Ç, –µ—Å–ª–∏, –∫–æ–Ω–µ—á–Ω–æ, –Ω–µ —Å—Ç–æ–∏—Ç –∑–∞–¥–∞—á–∞ –ø–æ–π–º–∞—Ç—å –º—É—Ç–∞–Ω—Ç–∞. –õ—É—á—à–µ –Ω–∞ –ó–æ–ª–æ—Ç–æ–π –†–æ–≥ —Å–º–æ—Ç—Ä–µ—Ç—å.–ö–∞–∫ —Å–∫–∞–∑–∞–ª –ï—Å–µ–Ω–∏–Ω: ""–õ–∏—Ü–æ–º –∫ –ª–∏—Ü—É –ª–∏—Ü–∞ –Ω–µ —É–≤–∏–¥–∞—Ç—å. –ë–æ–ª—å—à–æ–µ –≤–∏–¥–∏—Ç—Å—è –Ω–∞ —Ä–∞—Å—Å—Ç–æ—è–Ω–∏–∏"". –û–±–∑–æ—Ä–Ω–∞—è —Ç–æ—á–∫–∞ –ø–æ–≤–µ—Ä—Ö –ó–æ–ª–æ—Ç–æ–≥–æ –º–æ—Å—Ç–∞ –Ω–∞ —Å–æ–ø–∫–µ. –ö—Ä–∞—Å–∏–≤–æ. –í–µ—á–µ—Ä–æ–º –≤–¥–≤–æ–π–Ω–µ...",
–î–∞–ª—å–Ω–µ–≤–æ—Å—Ç–æ—á–Ω—ã–π –æ–∫—Ä—É–≥,–ü—Ä–∏–º–æ—Ä—Å–∫–∏–π –∫—Ä–∞–π,–í–ª–∞–¥–∏–≤–æ—Å—Ç–æ–∫,–†–∞–∑–≤–ª–µ—á–µ–Ω–∏—è –≤ –í–ª–∞–¥–∏–≤–æ—Å—Ç–æ–∫–µ,–ë—É—Ö—Ç–∞ –ó–æ–ª–æ—Ç–æ–π –†–æ–≥,paradise T,4,"–î–∞–Ω–Ω–∞—è –ª–æ–∫–∞—Ü–∏—è –º–Ω–µ –æ—á–µ–Ω—å –Ω—Ä–∞–≤–∏—Ç—Å—è, –µ–µ –º–æ–∂–Ω–æ –∏—Å–ø–æ–ª—å–∑–æ–≤–∞—Ç—å –∫–∞–∫ –æ–±–∑–æ—Ä–Ω–∞—è —Ç–æ—á–∫–∞ –≥–æ—Ä–æ–¥–∞( —Å–º–æ—Ç—Ä–æ–≤–∞—è –ø–ª–æ—â–∞–¥–∫–∞) . –¢—É–¥–∞ –º–æ–∂–Ω–æ –¥–æ–±—Ä–∞—Ç—å—Å—è –ø–µ—à–∫–æ–º –∏ –Ω–∞ –∞–≤—Ç–æ–±—É—Å–µ, –≤–µ—á–µ—Ä–æ–º –∑–¥–µ—Å—å –∑–∞–º–µ—á–∞—Ç–µ–ª—å–Ω—ã–π –≤–∏–¥.",
–î–∞–ª—å–Ω–µ–≤–æ—Å—Ç–æ—á–Ω—ã–π –æ–∫—Ä—É–≥,–ü—Ä–∏–º–æ—Ä—Å–∫–∏–π –∫—Ä–∞–π,–í–ª–∞–¥–∏–≤–æ—Å—Ç–æ–∫,–†–∞–∑–≤–ª–µ—á–µ–Ω–∏—è –≤ –í–ª–∞–¥–∏–≤–æ—Å—Ç–æ–∫–µ,–ë—É—Ö—Ç–∞ –ó–æ–ª–æ—Ç–æ–π –†–æ–≥,sergeivoz,4,"–ö—Ä–∞—Å–∏–≤–∞—è –±—É—Ö—Ç–∞, –º–æ–∂–Ω–æ –ø–æ–¥–∫–ª—é—á–∞—Ç—å—Å—è –∏ –Ω–∞ –ø–∞—Ä—É—Å–Ω—ã–µ —Å—É–¥–∞ - –±–∞—Ä–∫ ¬´–°–µ–¥–æ–≤¬ª. –ú–µ—Å—Ç–Ω—ã–µ –≥–æ–≤–æ—Ä—è—Ç, —á—Ç–æ –±—É—Ö—Ç–∞ –∑–∏–º–æ–π –Ω–µ –∑–∞–º–µ—Ä–∑–∞–µ—Ç. –ü—Ä–∏—è—Ç–Ω–æ –ø–æ–≥—É–ª—è—Ç—å –ø–æ –Ω–∞–±–µ—Ä–µ–∂–Ω–æ–π",
–î–∞–ª—å–Ω–µ–≤–æ—Å—Ç–æ—á–Ω—ã–π –æ–∫—Ä—É–≥,–ü—Ä–∏–º–æ—Ä—Å–∫–∏–π –∫—Ä–∞–π,–í–ª–∞–¥–∏–≤–æ—Å—Ç–æ–∫,–†–∞–∑–≤–ª–µ—á–µ–Ω–∏—è –≤ –í–ª–∞–¥–∏–≤–æ—Å—Ç–æ–∫–µ,–ë—É—Ö—Ç–∞ –ó–æ–ª–æ—Ç–æ–π –†–æ–≥,xuxa1,5,"–ö–∞–∂–¥—ã–π —Ä–∞–∑ –ø—Ä–∏–µ–∑–∂–∞—è –≤–æ –í–ª–∞–¥–∏–≤–æ—Å—Ç–æ–∫ –ø—Ä–∏–µ–∑–∂–∞—é —Å—é–¥–∞. –í–∏–¥ –ø—Ä–æ—Å—Ç–æ —à–∏–∫–∞—Ä–Ω—ã–π, –º–Ω–æ–≥–∏–µ —Å—Ä–∞–∑—É –Ω–∞—á–∏–Ω–∞—é—Ç —Å–æ–≤–º–µ—â–∞—Ç—å –µ–≥–æ —Å –∫—É–ø—é—Ä–æ–π.",–û–ø—É–±–ª–∏–∫–æ–≤–∞–Ω–æ 24 –Ω–æ—è–±—Ä—è 2021 –≥.
–î–∞–ª—å–Ω–µ–≤–æ—Å—Ç–æ—á–Ω—ã–π –æ–∫—Ä—É–≥,–ü—Ä–∏–º–æ—Ä—Å–∫–∏–π –∫—Ä–∞–π,–í–ª–∞–¥–∏–≤–æ—Å—Ç–æ–∫,–†–∞–∑–≤–ª–µ—á–µ–Ω–∏—è –≤ –í–ª–∞–¥–∏–≤–æ—Å—Ç–æ–∫–µ,–ë—É—Ö—Ç–∞ –ó–æ–ª–æ—Ç–æ–π –†–æ–≥,–ê–ª–µ–∫—Å–∞–Ω–¥—Ä–∞ –ü,5,"–ë—É—Ö—Ç–∞ –Ω–µ –∑–∞–º–µ—Ä–∑–∞–µ—Ç –∑–∏–º–æ–π. –ú–æ–∂–Ω–æ —Å–ø—É—Å—Ç–∏—Ç—å—Å—è –Ω–∞ –∫–æ—Ä–∞–±–µ–ª—å–Ω—É—é –Ω–∞–±–µ—Ä–µ–∂–Ω—É—é –∑–∞ –º–æ—Ä—Å–∫–∏–º –≤–æ–∫–∑–∞–ª–æ–º –∏ –ø–æ–Ω–∞–±–ª—é–¥–∞—Ç—å, –∫–∞–∫ –∫—É—Ä—Å–∏—Ä—É—é—Ç –±–∞—Ä–∂–∏ –∏ –∫–æ—Ä–∞–±–ª–∏.

–û–±–∑–æ—Ä–Ω—ã–π –≤–∏–¥ –æ—Ç–∫—Ä—ã–≤–∞–µ—Ç—Å—è –Ω–∞ –±—É—Ö—Ç—É —Å –≤–µ—Ä—Ö–Ω–∏—Ö —ç—Ç–∞–∂–µ–π –≥–æ—Å—Ç–∏–Ω–∏—Ü—ã ""–ü—Ä–∏–º–æ—Ä—å–µ"".",–û–ø—É–±–ª–∏–∫–æ–≤–∞–Ω–æ 18 —è–Ω–≤–∞—Ä—è 2022 –≥.
–î–∞–ª—å–Ω–µ–≤–æ—Å—Ç–æ—á–Ω—ã–π –æ–∫—Ä—É–≥,–ü—Ä–∏–º–æ—Ä—Å–∫–∏–π –∫—Ä–∞–π,–í–ª–∞–¥–∏–≤–æ—Å—Ç–æ–∫,–†–∞–∑–≤–ª–µ—á–µ–Ω–∏—è –≤ –í–ª–∞–¥–∏–≤–æ—Å—Ç–æ–∫–µ,–ë—É—Ö—Ç–∞ –ó–æ–ª–æ—Ç–æ–π –†–æ–≥,–ò–≥–æ—Ä—å,5,"–ò–¥–µ–∞–ª—å–Ω–∞—è –º–æ—Ä—Å–∫–∞—è –≥–ª—É–±–æ–∫–æ–≤–æ–¥–Ω–∞—è –±—É—Ö—Ç–∞ –∫–∞–∫ –±—É–¥—Ç–æ —Å–∞–º–æ–π –ø—Ä–∏—Ä–æ–¥–æ–π —Å–æ–∑–¥–∞–Ω–∞ –¥–ª—è —Å—Ç–æ—è–Ω–∫–∏ –º–æ—Ä—Å–∫–∏—Ö —Å—É–¥–æ–≤. –ó–¥–µ—Å—å –Ω–∏–∫–æ–≥–¥–∞ –Ω–µ –±—ã–≤–∞–µ—Ç –∫—Ä—É–ø–Ω—ã—Ö –≤–æ–ª–Ω. –ó–∞–ª–∏–≤ –ü–µ—Ç—Ä–∞ –í–µ–ª–∏–∫–æ–≥–æ –∏ —ç—Ç—É –±—É—Ö—Ç—É –æ—Ç–∫—Ä—ã–ª –¥–ª—è –ï–≤—Ä–æ–ø—ã —Ñ—Ä–∞–Ω—Ü—É–∑—Å–∫–∏–π –∫–∏—Ç–æ–ª–æ–≤, —Å–ª—É—á–∞–π–Ω–æ —Å–æ–≤–µ—Ä—à–∏–≤—à–µ–º—É –∑–∏–º–æ–≤–∫—É –≤ –±—É—Ö—Ç–µ –ü–æ—Å—å–µ—Ç. –ü–æ—Ç–æ–º —Å—é–¥–∞ –∑–∞—Ö–æ–¥–∏–ª–∏ –∞–Ω–≥–ª–∏—á–∞–Ω–µ. –ê –í 1859 –≥–æ–¥—É —É–∂–µ –≥–µ–Ω–µ—Ä–∞–ª-–≥—É–±–µ—Ä–Ω–∞—Ç–æ—Ä –ù–∏–∫–æ–ª–∞–π –ú—É—Ä–∞–≤—å—ë–≤-–ê–º—É—Ä—Å–∫–∏–π –æ–±—Ä–∞—Ç–∏–ª –≤–Ω–∏–º–∞–Ω–∏–µ –Ω–∞ —Ö–æ—Ä–æ—à–æ —É–∫—Ä—ã—Ç—É—é –±—É—Ö—Ç—É. –û–Ω–∞ –Ω–∞–ø–æ–º–∏–Ω–∏–ª–∞ –ú—É—Ä–∞–≤—å–µ–≤—É –±—É—Ö—Ç—É –ó–æ–ª–æ—Ç–æ–π –†–æ–≥ –≤ –°—Ç–∞–º–±—É–ª–µ, –∏ –≥–µ–Ω–µ—Ä–∞–ª-–≥—É–±–µ—Ä–Ω–∞—Ç–æ—Ä –ø—Ä–µ–¥–ª–æ–∂–∏–ª –Ω–∞–∑–≤–∞—Ç—å –∑–∞–ª–∏–≤ —Ç–∞–∫ –∂–µ. –ó–¥–µ—Å—å –≤–æ–∑–Ω–∏–∫ –≤–æ–µ–Ω–Ω—ã–π –ø–æ—Ä—Ç –∏ –≥–æ—Ä–æ–¥ –í–ª–∞–¥–∏–≤–æ—Å—Ç–æ–∫.

–ü–æ –º–æ–µ–º—É –º–Ω–µ–Ω–∏—é —ç—Ç–æ –æ–¥–Ω–∞ –∏–∑ –∫—Ä–∞—Å–∏–≤–µ–π—à–∏—Ö –±—É—Ö—Ç –º–∏—Ä–∞. –ö—Ä–∞—Å–∞—Ç–∞ –ø—Ä–∏—Ä–æ–¥—ã –∏ –≥–æ—Ä–æ–¥—Å–∫–æ–≥–æ –ø–µ–π–∑–∞–∂–∞ –¥–æ—Å—Ç–æ–π–Ω–æ –¥–æ–ø–æ–ª–Ω–µ–Ω–∞ –∫—Ä–∞—Å–∞–≤–µ—Ü–µ–º-–º–æ—Å—Ç–æ–º. –†–µ–∫–æ–º–µ–Ω–¥—É—é –ø—Ä–æ–≥—É–ª—è—Ç—å—Å—è –ø–æ –Ω–∞–±–µ—Ä–µ–∂–Ω–æ–π —Ü–µ—Å–∞—Ä–µ–≤–∏—á–∞, –ø–æ–ª—é–±–æ–≤–∞—Ç—å—Å—è —Å—É–¥–∞–º–∏ –∏ –¥–æ—Å—Ç–æ–ø—Ä–∏–º–µ—á–∞—Ç–µ–ª—å–Ω–æ—Å—Ç—è–º–∏ –≥–æ—Ä–æ–¥–∞.",
–î–∞–ª—å–Ω–µ–≤–æ—Å—Ç–æ—á–Ω—ã–π –æ–∫—Ä—É–≥,–ü—Ä–∏–º–æ—Ä—Å–∫–∏–π –∫—Ä–∞–π,–í–ª–∞–¥–∏–≤–æ—Å—Ç–æ–∫,–†–∞–∑–≤–ª–µ—á–µ–Ω–∏—è –≤ –í–ª–∞–¥–∏–≤–æ—Å—Ç–æ–∫–µ,–ë—É—Ö—Ç–∞ –ó–æ–ª–æ—Ç–æ–π –†–æ–≥,–ù–∞—Ç–∞–ª—å—è –í,5,"""–ó–æ–ª–æ—Ç–æ–π —Ä–æ–≥"" - –∫—Ä–∞—Å–∏–≤–æ–µ –Ω–∞–∑–≤–∞–Ω–∏–µ –±—É—Ö—Ç—ã. –ë—É—Ö—Ç–∞ –Ω–µ –∑–∞–º–µ—Ä–∑–∞–µ—Ç –∑–∏–º–æ–π. –ó–¥–µ—Å—å –º–æ–∂–Ω–æ –≥—É–ª—è—Ç—å –ø–æ –Ω–∞–±–µ—Ä–µ–∂–Ω–æ–π –∏ —Å–º–æ—Ç—Ä–µ—Ç—å –∫–∞–∫ –∫—É—Ä—Å–∏—Ä—É—é—Ç –∏ —Å—Ç–æ—è—Ç –º–æ—Ä—Å–∫–∏–µ —Å—É–¥–∞. –õ–µ—Ç–æ–º –∏ –±–µ–∑ –≤–µ—Ç—Ä–∞ –≤ —Ö–æ–ª–æ–¥–Ω–æ–µ –≤—Ä–µ–º—è –≥–æ–¥–∞ —Ç—É—Ç –±—É–¥–µ—Ç –ø—Ä–∏—è—Ç–Ω–æ –ø–æ–±—ã–≤–∞—Ç—å. –ù–æ —è –∑–∞ –Ω–µ–ø—Ä–æ–¥–æ–ª–∂–∏—Ç–µ–ª—å–Ω—É—é –ø—Ä–æ–≥—É–ª–∫—É –∑–∞–º–µ—Ä–∑–ª–∞.",–û–ø—É–±–ª–∏–∫–æ–≤–∞–Ω–æ 15 –∞–≤–≥—É—Å—Ç–∞ 2022 –≥.
