Дальневосточный округ,Республика Саха (Якутия),Якутск,Развлечения в Якутске,Царство вечной мерзлоты,451taki31,2,Вход слишком дорогой. Подходит для интуристов. А для нас закалённых холодом ничем не удивишь. Такого рода пещеры есть в любом уголке Якутии.,Опубликовано 29 ноября 2014 г.
Дальневосточный округ,Республика Саха (Якутия),Якутск,Развлечения в Якутске,Царство вечной мерзлоты,777221,5,"столько скульптур из льда, и такой фантазии, я впервые вижу здесь, на земле ОЛОНХО. Это здорово красиво, это визитка нашего ЯКУТСКА.",Опубликовано 24 июля 2015 г.
Дальневосточный округ,Республика Саха (Якутия),Якутск,Развлечения в Якутске,Царство вечной мерзлоты,926Dmitry,5,"Место - где просто дух захватывает. Лабиринт просто удивительный и копия мамонтенка Димы:))) Не знаю, но это место надо посетить обязательно.",Опубликовано 2 сентября 2014 г.
Дальневосточный округ,Республика Саха (Якутия),Якутск,Развлечения в Якутске,Царство вечной мерзлоты,A K,5,"Идея просто великолепная. Музей и парки есть везде, а это очень необычное место. В августе с жары попадаешь в настоящую вечную мерзлоту. Внутри горы прорыты туннели с разветвлениями и небольшими помещениями. Как нам рассказали, в советское время это был огромный естественный холодильник, где хранились стратегические запасы продовольствия.
Сейчас там выставка ледовых скульптур, в разных пещерах разная тематика. Есть спальня с мебелью и ледяной кроватью, покрытой шкурами, есть бар, в котором всё сделано изо льда, и барная стойка
и стулья и стаканы, в которые можно чего-нибудь налить.
При входе есть сувенирный магазинчик, посетителям бесплатно выдают тёплые накидки. Очень вежливый и приятный смотритель.",
Дальневосточный округ,Республика Саха (Якутия),Якутск,Развлечения в Якутске,Царство вечной мерзлоты,ALIVANOV,5,"Был летом в Якутске, посоветовали с'ездить в царство вечной мерзлоты. Просто супер. Советую всем. Контраст лета и зимы это просто восхитительно. Есь что посмотреть. Надо это чувствовать и видеть чем сто раз услышать.",Опубликовано 9 ноября 2015 г.
Дальневосточный округ,Республика Саха (Якутия),Якутск,Развлечения в Якутске,Царство вечной мерзлоты,AZIMUT Hotel Yakutsk,5,"Всегда рекомендуем нашим гостям в первую очередь посетить именно Царство вечной мерзлоты. Прекрасные ледяные скульптуры, вечный холод. Волшебный музей, не иначе.",Опубликовано 28 мая 2019 г.
Дальневосточный округ,Республика Саха (Якутия),Якутск,Развлечения в Якутске,Царство вечной мерзлоты,Al_Li1904,5,"Был в этом музее. Сразу скажу быстро просмотреть не получится,так как с каждым годом добавляются новые скульптуры и гроты. Температура там всегда -5-7 градусов,лучше одеться тепло.
Просмотр получается интересным и если хотите там фотографироватся по возможности берите хороший фотоаппарат.
В конце просмотра можно зайти в ледяной бар.Там можно выпить горячего чаю попробовать струганины из рыбы и выпить с ледяной рюмки немного алкоголя.",
Дальневосточный округ,Республика Саха (Якутия),Якутск,Развлечения в Якутске,Царство вечной мерзлоты,AleksandrKolontai,5,"Холод в любое время года! Музей - дыра в сопке, пещера в которой сохраняется холод в любое время года. По сути громадный холодильник. Прогулка летом в музей очень освежает и позволяет напомнить организму о зиме. Из экспонатов большое количество ледяных фигур и других объектов, например можно присесть за рабочий стол Деда Мороза и выпить стопочку для сугрева из ледяной рюмки.",
Дальневосточный округ,Республика Саха (Якутия),Якутск,Развлечения в Якутске,Царство вечной мерзлоты,AlenaCh,5,"Была в прошлом году и в этом месяце. Впечатляет! В горе сделан тоннель, круглый год температура -10 градусов (зимой - тепло :)). В длинных тоннелях множество ледяных фигур, все фигуры подсвечены разноцветными лампами, весь потолок в инее! Нереально! Настоящее сказочное царство.
Цена за вход 450 руб. Открыто каждый день до 17 кажется.
Очень приветливый и словоохотливый экскурсовод.
Рекомедую посетить обязательно!",
Дальневосточный округ,Республика Саха (Якутия),Якутск,Развлечения в Якутске,Царство вечной мерзлоты,Alexey S,5,"Был в самом конце мая. На улице +25, а в ""Царстве вечной мерзлоты"" -15 ))) Замерз, как сосулька. Очень необычно! На потолке такая красота. что загляденье. Только скользко везде ))) Можно и водочку выпить (правда я не пил) и на горке покататься (катался) )))
Советую!",Опубликовано 13 октября 2014 г.
Дальневосточный округ,Республика Саха (Якутия),Якутск,Развлечения в Якутске,Царство вечной мерзлоты,Alexey Y,5,"Бывший склад, в котором теперь можно увидеть как выглядит вечная мерзлота изнутри.
В коридорах стоят прекрасные ледяные скульптуры и композиции.
А при особой договоренности можно выпить в ледяном баре рюмку водки под строганину",Опубликовано 18 мая 2019 г.
Дальневосточный округ,Республика Саха (Якутия),Якутск,Развлечения в Якутске,Царство вечной мерзлоты,Alnaumov,4,"Парк ледяных скульптур в штольне, пробитой в толще вечной мерзлоты.
Оригинально!
Наверное, особенно забавно летом. Зимой, когда на улице минус 40, в мерзлоте теплее.
Изо льда вырезаны фигуры героев якутского народного эпоса, звери, несколько тронов и даже кровать... Есть и бар с ледяной стойкой.",
Дальневосточный округ,Республика Саха (Якутия),Якутск,Развлечения в Якутске,Царство вечной мерзлоты,Anastasia,5,"Очень красивое ледяное царство.
На входе одевают тёплые плащи и унты. Советую одевать сразу 2 плаща, иначе рискуете замёрзнуть.
Если предупредить заранее о вашем посещении, то вам нальют водку в ледяные стопочки))",
Дальневосточный округ,Республика Саха (Якутия),Якутск,Развлечения в Якутске,Царство вечной мерзлоты,Andrey G,4,"Посетили царство летом.
Выдали нам специальную одежду и обувь, чтобы не замерзнуть.
Ходили по пещере, делали фотографии. Ложились в ледяную кровать, накрывались шкурами.
В баре можно отведать строганину с водкой из ледяных рюмок.
Посещение данного места дает представление о вечной мерзлоте.
Рекомендую.",
Дальневосточный округ,Республика Саха (Якутия),Якутск,Развлечения в Якутске,Царство вечной мерзлоты,Andrey K,5,"Находится в пригороде Якутска. На такси от центра города всего 20 минут. Покупаешь билет и вперёд за небольшую дверь, за которой спрятана пещера (скорее шахта) в скале. Внутри звучит лёгкая музыка, имеется разноцветная подсветка ледяных скульптур, стен и потолков, которые устланы снежными узорами. По центру пола ствола шахты постелен ковёр для того чтобы было не так скользко и есть объявления о том, что необходимо идти по ковровому покрытию. Реальное зимнее царство. В самом начале есть комната с замороженным мамонтом и соответствующим запахом этого животного. Везде установлены ледяные скульптуры и информационные материалы. Если обходить по часовой стрелке, то в самом конце так называемого круга есть ледяное кафе с ледяной мебелью и ледяной посудой, где можно выпить крепких напитков из ледяной стопки. Соответственно здесь стоит стойкий запах крепкого алкоголя. Я был утром и посетителей не было. Одному очень интересно ходить словно как в сказке, а потом начал подтягиваться народ. Эту достопримечательность очень стоит посмотреть.",
Дальневосточный округ,Республика Саха (Якутия),Якутск,Развлечения в Якутске,Царство вечной мерзлоты,Andrey_Dulin,5,"Замечательно!!! Летом холодно, зимой можно погреться. :-) Постоянная температура около -10. Особенно впечатлил мамонт, как живой! Очень хорошо сохранился! Также хороши ледяные скульптуры. Некоторые из них спорные, но в основном все на 5. Для желающих прокатится с ветерком есть ледяная горка с ограничителем дорожки. В общем всем советую, это стоит увидеть!",
Дальневосточный округ,Республика Саха (Якутия),Якутск,Развлечения в Якутске,Царство вечной мерзлоты,Anna N,5,"Хорошо ощущается и впечатляет контраст, когда попадаешь из 30-градусной жары в ледяное царство. Мозг отказывается понимать, что такое может быть.
Скульптуры отражают якутскую культуру, мифологию, культ охоты и рыбалки.

Нам дали накидки и валенки, но все таки лучше прихватить что то поплотнее шорт и футболок, так как накидки не прилегают к коже и может быть прохладно.",Опубликовано 7 августа 2016 г.
Дальневосточный округ,Республика Саха (Якутия),Якутск,Развлечения в Якутске,Царство вечной мерзлоты,Anna P,5,"Просто поезжайте туда. Это удивительно! Работы молодежи и уже ценившего sculpturers сделаны из льда. Мамонт или на самом деле часть его))), есть потрясающий отдых в Якутии!",Перевод: PROMT
Дальневосточный округ,Республика Саха (Якутия),Якутск,Развлечения в Якутске,Царство вечной мерзлоты,Antonina G,5,"ВСЕМ советую посетить этот РАЙСКИЙ уголок на нашей Планете. Там царит изящная красота и просто восхитительно! Мы побывали во многих местах мира, но такой дивной красоты нигде не видели. здесь слито не только рукотворная работа, но воссоединено творение самой природы и человека! Короче: ""Всем советую посмотреть!""",
Дальневосточный округ,Республика Саха (Якутия),Якутск,Развлечения в Якутске,Царство вечной мерзлоты,Artchu,5,"Отличное место для разнообразия.На входе дают накидку и чуни.Температура внутри -5.Очень красивые скульптуры.В отдельной комнате голова мамонта.Жуткая вонь, но это не портит общего впечатления.
Вход 500₽ взрослые, 350₽ детские.",
Дальневосточный округ,Республика Саха (Якутия),Якутск,Развлечения в Якутске,Царство вечной мерзлоты,Asya S,3,"Царство вечной мерзлоты находится в естественном леднике внутри природного холма в черте города Якутска, можно спокойно доехать на такси, с центра за минут десять. Максимальный эффект о ЦВМ, конечно, летом, когда спускаешься из летнего города в снег и холод. Есть горка, различные ледяные фигуры, рассказывающие в той или иной мере о Якутии, культуре и истории, природе. На входе выдают термоплащи и обувь. Если группа взрослых - здоров в конце пройти в ледяной бар, но о горячительном и строганине лучше позаботиться заранее, чтобы ее вам приготовили пока идет экскурсия. Стоимость билета - 500 рублей.",Опубликовано 13 ноября 2018 г.
Дальневосточный округ,Республика Саха (Якутия),Якутск,Развлечения в Якутске,Царство вечной мерзлоты,Blinchik85,5,"Приятные впечатления от этой вечной мерзлоты! Я никогда не был в подобных местах! 15 градусов каждый раз, и летом и зимой. Он сказал, что в зимние людей собираются в этом замороженном королевстве быть теплее))), Фантастический!",Перевод: PROMT
Дальневосточный округ,Республика Саха (Якутия),Якутск,Развлечения в Якутске,Царство вечной мерзлоты,ColdHunter,5,"Я сам когда в далеком 2008 г. предложил Правительству Республики создать этот комплекс и не ошибся в своих прогнозах.За очень короткий срок он полностью окупил все расходы и стал одним из самых популярных туристических объектов Республики. Более популярны только наша гордость - Ленские Столбы !
Конечно, не все задуманное удалось воплотить,еще есть где разгуляться творческим людям, но новые хозяева комплекса продолжают постепенно его совершенствовать и улучшать, что очень отрадно. Единственное недоумение вызывают каски (требования безопасности). Поэтому, я всегда все перевожу в шутку и говорю своим туристам - ""Здесь такие необыкновенно огромные снежинки, что они могут серьезно ударить по голове ! "" Что неизменно вызывает дополнительный интерес к действительно необычным и живописным гирляндам из кристаллов льда, которые висят на потолке этого Царства.",
Дальневосточный округ,Республика Саха (Якутия),Якутск,Развлечения в Якутске,Царство вечной мерзлоты,DA_Dmitry,3,"Место познавательное и интересное. Правда много скульптур подтаяло, особенно снизу, но обещали что скоро обновят. Фигуры почти все обклеены монетами. Сходить думаю стоит",Опубликовано 16 апреля 2017 г.
Дальневосточный округ,Республика Саха (Якутия),Якутск,Развлечения в Якутске,Царство вечной мерзлоты,Despina312,5,"Единственный в России и в мире музей вечной мерзлоты, в котором расположена подземная лаборатория в толще вечной мерзлоты на глубине 12 метров. Можно посмотреть древнюю растительность и копию мамонтенка Димы",Опубликовано 8 августа 2014 г.
Дальневосточный округ,Республика Саха (Якутия),Якутск,Развлечения в Якутске,Царство вечной мерзлоты,Dewa43,5,"Посетил в июле, в разгар лета и жары. Да-да, не удивляйтесь и в Якутске бывает жара далеко за тридцать. И захотелось поинтересоваться - каково-оно зимой, когда на улице мороз ""под полтинник""? Ответ был очень любопытный - летом бывает, что заходят охладиться. Зато зимой можно и согреться. И не только от минусовой температуры, но и более ""горячительным"" из ледяного бокала. А также понежиться на ледяной постели устланой оленьими шкурами.",
Дальневосточный округ,Республика Саха (Якутия),Якутск,Развлечения в Якутске,Царство вечной мерзлоты,Dima M,5,"Отличная экскурсия, внутри холодно, много интересного, реальный ледник, ледяные скульптуры и горки. Понравилось.",
Дальневосточный округ,Республика Саха (Якутия),Якутск,Развлечения в Якутске,Царство вечной мерзлоты,Dinokk,4,"Особенно, если путешествуете летом - так неожиданно ворваться в ледяной уголок.. Красота! Выдают специальную утепленную курточку и сапоги.
Интересные ледовые фигуры. Особенно в душу запали ледяная кровать и горка)
А когда совсем подмерзаете - тут на помощь придет стопочка национальной якутской водочки)
На обзор всего хватило минут 15-20. Дальше - для особых любителей или фотографов)",
Дальневосточный округ,Республика Саха (Якутия),Якутск,Развлечения в Якутске,Царство вечной мерзлоты,Dmitry B,5,очень интересно! особенно летом! Но сам был зимой! По этому грелся ;) будет интересно и детям! Но сам музей не большой!,Опубликовано 19 февраля 2018 г.
Дальневосточный округ,Республика Саха (Якутия),Якутск,Развлечения в Якутске,Царство вечной мерзлоты,Dmitry7272,4,"Место, не побывав в котором, знакомство с Якутском и Якутией явно будет не полным. Настоящий природный холодильник в пещере в горе ""Чочур-Муран"" в нескольких километрах от столицы республики Саха, с множеством ледяных коридоров и залов с ледяными композициями на разную тематику! Впечатление совсем иное, нежели от подобных ""царств"" в других городах (в которых они ещё вообще есть!), потому как в них холод поддерживают искусственно, а тут-- настоящая природная вечная зима! С боков и с ""потолков"" коридоров и залов повсюду свисают красивейшие ледяные кристаллы, которые, конечно же, усиливают эффект от всего увиденного. Какие именно композиции представлены в залах,-- описывать не стану, это уже многие тут описали и много фото выложили, да и меняются они там всё же постепенно. Посещал 2 раза, один раз-- в сентябре, второй-- в июле, когда стояла жара +33 градуса и пекло солнце, и было незабываемое впечатление, хотя и конечно, шок для организма, когда из такой жары попал в минус 10! Помимо температурного минуса, который я всё же отношу к ""плюсам"" этому царству, имеются так же и некоторые другие ""минусы"",--некоторые скульптуры порядком обросли инеем, надо бы почаще за ними следить...И в коридорах местами беспорядок в виде останков поломанных скульптур, что никак не влияет положительно на эстетическое восприятие.Ну а в целом-- я под впечатлением, так что всем очень рекомендую!",
Дальневосточный округ,Республика Саха (Якутия),Якутск,Развлечения в Якутске,Царство вечной мерзлоты,Dmitry7272,5,"Прошло 7 лет,-- и я снова в Якутске и в этом Царстве! Что скажу-- экспозиции в залах Царства сменились с тех пор процентов на 70, так что стоило уже посетить этот объект повторно. Впечатление хорошее, как и в прежнее посещение, кстати, скульптуры на этот раз все ухоженные, а тогда часть их была обросшая инеем, так что положительный сдвиг есть. Ломаных фигур в коридорах так же поубавилось, и единственный минус-- это то, что зал для игры в кёрлинг на реставрации, закрыт... В плане бесплатной выдачи ""напрокат"" тёплой одежды и обуви-- однозначно стало лучше, музей теперь действительно наконец-то стал заботиться о том, чтобы посетители не мёрзли.) Приятно удивило и то, что цена посещения за 7 лет не изменилась совсем,-- те же пятьсот рублей! А вот с сувенирами в лавке довольно скудно, как, впрочем, и тогда тоже... В общем, рекомендую всем этот красивый и необычный музей!",Опубликовано 30 июня 2023 г.
Дальневосточный округ,Республика Саха (Якутия),Якутск,Развлечения в Якутске,Царство вечной мерзлоты,Eduard N,4,"Ходили с друзьями. Для первого раза достаточно интересно, познавательно. Можно заказать спиртное в ледяных рюмках с закуской из строганины, очень достойно готовят! Но во второй раз наверно не пошел бы. Рекомендую для гостей республики.",Опубликовано 13 февраля 2017 г.
Дальневосточный округ,Республика Саха (Якутия),Якутск,Развлечения в Якутске,Царство вечной мерзлоты,Eduard_273,5,"Когда-то давно в горе прорыли большую штольню – она идет горизонтально на уровне земли, но за счет вечной мерзлоты в ней всегда зима. При входе вам дадут накидку, чтобы вы совсем не замерзли, но по возможности надевайте теплую обувь – ходить в Царстве вечной мерзлоты надо будет по снегу.

Пройдя через несколько обычных пластиковых дверей, вы попадете в зиму. Длинный тоннель с небольшими ответвлениями направо и налево. В нем стоят ледяные скульптуры. Большая их часть иллюстрирует якутский эпос.",Опубликовано 22 августа 2016 г.
Дальневосточный округ,Республика Саха (Якутия),Якутск,Развлечения в Якутске,Царство вечной мерзлоты,Ekaterina S,5,"Давно хотела посетить царство вечной мерзлоты, но летом не рискнула... А зимой в теплой одежде там можно даже погреться! На входе выдают каску и плащ! На этом плаще потом с горки внутри удобно кататься - скользит! Внутри холодно, красиво, интересно. Много скульптур изо льда - мамонты, рыбы, троны, сани... Ходишь, любуешься, фотографируешься. Экзотика. Всем советую сходить, эьо надо увидеть!",
Дальневосточный округ,Республика Саха (Якутия),Якутск,Развлечения в Якутске,Царство вечной мерзлоты,Elena A,4,"В деловой поездке оставалось немного времени на осмотр достопримечательностей, и решила посетить это. Впечатляет! Много слышала о вечной мерзлоте, а тут удалось прикоснуться. Там действительно везде лёд, который не тает, очень красивые ледяные скульптуры, сохранившиеся фрагменты мамонтов и других животных этого периода. Стоит посмотреть!",Опубликовано 13 сентября 2016 г.
Дальневосточный округ,Республика Саха (Якутия),Якутск,Развлечения в Якутске,Царство вечной мерзлоты,Elena A,5,"Зимой и летом тут всегда около минус пяти, т к экспозиция разместилась в искусственной пещере, выкопанной в вечной мерзлоте. Со сводов пещеры спускаются красиво подсвеченные кристаллы льда, в многочисленных ответвлениях тоннеля расположены необыкновенной красоты ледяные фигуры. Вам понравится!",
Дальневосточный округ,Республика Саха (Якутия),Якутск,Развлечения в Якутске,Царство вечной мерзлоты,Elena S,5,"Обязательно для посещения всем гостям города. Вы побываете в уникальном месте - вечной мерзлоте, музей вырубленный в сердце горы. Внутри вас ждут ледяные скульптуры, олицетворяющие легенды и сказки народов Саха.",Опубликовано 30 января 2017 г.
Дальневосточный округ,Республика Саха (Якутия),Якутск,Развлечения в Якутске,Царство вечной мерзлоты,Elizaveta1910,5,Очень интересный музей. Приятно очутиться летом в зиме. На территории музея много разных ледяных скульптур. Лучше идти с экскурсоводом. Она рассказывает интересные истории. Единственный минус что проводятся они только для групп от 15 человек. Стоимость билета составляет 500 руб.,
Дальневосточный округ,Республика Саха (Якутия),Якутск,Развлечения в Якутске,Царство вечной мерзлоты,Evgeniya82,5,"Впервые побывали в Царстве вечной мерзлоты. Детям очень понравилось, много ледовых фигур, есть ледяные горки.",Опубликовано 13 сентября 2016 г.
Дальневосточный округ,Республика Саха (Якутия),Якутск,Развлечения в Якутске,Царство вечной мерзлоты,FAU_vstk,5,"Бывший ""ледник"" - природный холодильник для продовольствия. Сейчас открыт для посещения. Внутри ледяные скульптуры, куб замороженного молока для наглядности. Но самое крутое это иней, а точнее огромные кристаллы льда, намерзающие на стенах и потолке! Оказываешься как в сказке!!! Просто супер!!!",Опубликовано 28 января 2015 г.
Дальневосточный округ,Республика Саха (Якутия),Якутск,Развлечения в Якутске,Царство вечной мерзлоты,G4071RA_,5,"Уникальное место!
В отдельной комнате необходимо переодеться в предлагаемые теплые вещи и обувь. С собой рекомендую брать носки. Обязательно фото и видео аппаратуру. Кадры будут уникальные!
Это царство со своим тронным залом, комнатой бракосочетаний, здесь настоящий мамонтенок, дедушка мороз...
Бар, в котором по окончании посещения предлагают "" горячительные"" напитки под строганину!",Опубликовано 25 июня 2014 г.
Дальневосточный округ,Республика Саха (Якутия),Якутск,Развлечения в Якутске,Царство вечной мерзлоты,Galina0708,5,"Многократно были в пещерах. И ледовые скульптуры видели не раз. Но эта пещера уникальна сама по себе - эти стены с ""шубой"" из снега, эти промерзшие слои камня, хруст снега под ногами... Непередаваемые ощущения нереальности происходящего, когда за окном +35.",
Дальневосточный округ,Республика Саха (Якутия),Якутск,Развлечения в Якутске,Царство вечной мерзлоты,GalinaVPk,1,"Экскурсоводов нет, но приятно погулять и самим. Очень много ледяных скульптур, очень красиво! Обязательно стоит побывать, но надо позаботиться о транспорте, поскольку до автобуса обратно очень долго идти. Лучше заказать такси: стоит всего 230 руб. в один конец.",
Дальневосточный округ,Республика Саха (Якутия),Якутск,Развлечения в Якутске,Царство вечной мерзлоты,Gamira2013,5,"Поразило само то, что вокруг тебя вечная мерзлота: справа, слева, сверху, снизу. Понравился ледяной бар, где ледяные стопки. Можно налить 30 граммов водочки и закусить строганиной. Это уже за отдельную плату. сам билет 500 рублей стоит. Сувениры порекомендовала бы здесь покупать, в городе уже не увидела таких вещей. В извилистых коридорах выставлены уникальные экпонаты, много ледяных скульптур. Понравилась огромная ледяная кровать, устланная шкурами, и такое же царское кресло!",Опубликовано 18 марта 2017 г.
Дальневосточный округ,Республика Саха (Якутия),Якутск,Развлечения в Якутске,Царство вечной мерзлоты,Glyuk,5,"Вот и я побывал в царстве вечной мерзлоты. Ощущение - не передаваемые. Было круто. Особенно, когда зашли в комнату с головой мамонта - душок я вам скажу, еще тот))) Но, это в любом случае нужно увидеть. Рекомендую посетить данное место, иначе - зря побывали в Якутске.",Опубликовано 13 июля 2016 г.
Дальневосточный округ,Республика Саха (Якутия),Якутск,Развлечения в Якутске,Царство вечной мерзлоты,Grigory Moskvin,5,"Т.к. с погодой повезло, и в день посещения было солнечно, внутри показалось очень холодно (на улице было -27, внутри -10) и беглая экскурсия заняла не более 15 минут. Понравился красивый потолок, коридоры и некоторые ледяные скульптуры.",
Дальневосточный округ,Республика Саха (Якутия),Якутск,Развлечения в Якутске,Царство вечной мерзлоты,Igor K,4,"Очень необычно и интересно, но одеваться нужно теплее!!! Красивые скульптуры изо льда, оригинальная разноцветная подсветка. Чучело мамонта впечатляет!",Опубликовано 15 сентября 2015 г.
Дальневосточный округ,Республика Саха (Якутия),Якутск,Развлечения в Якутске,Царство вечной мерзлоты,Julia S,5,"""Царство вечной мерзлоты"" находится в настоящей вечной мерзлоте, и это особенно впечатляет - подобные ледяные и снежные замки в Финляндии, например, строят специально. Скульптуры изо льда красивые и необычные: в сцену рыбалки вморожены живые рыбы, например. Есть ледяная Венера Милосская, Будда, динозаврик, мамонт, кольца с якутскими ""бриллиантами"", конечно. Сфотографировалась с Чысхааном - Хранителем холода. Красивая разноцветная подсветка.
Внутри всегда около -8 градусов - мы были зимой, на улице -35, так что в вечной мерзлоте грелись. А летом должен быть удивительный контраст.
Немного разрушают сказочное ощущение черные провода на стенах - можно бы их как-то замаскировать. И на входе встречает не ""Добро пожаловать"", а угроза о штрафе в 3 тысячи рублей за поломку скульптур.",Опубликовано 8 марта 2015 г.
Дальневосточный округ,Республика Саха (Якутия),Якутск,Развлечения в Якутске,Царство вечной мерзлоты,Julia-KHV,4,"Очень интересное место, тем, что когда на улице жара 30 градусов или наоборот минус пятьдесят здесь всегда естественным способом поддерживается температура немного ниже нуля. Летом дают одежду и обувь для утепления. Но лучше еще сами возьмите себе свою теплую одежду. Внутри много ледяных фигур с подсветкой на разные темы, в основном из якутской культуры. Можно фотографировать.",Опубликовано 7 июля 2014 г.
Дальневосточный округ,Республика Саха (Якутия),Якутск,Развлечения в Якутске,Царство вечной мерзлоты,Julus_Stan,5,"Бываю в данном комплексе не первый раз. Обрадовало то, что теперь Царство вечной мерзлоты стал больше, появилась еще одна галерея. То есть один вход и выход, но стал интереснее!
Облагородили входную зону - появились просторное фойе, сувенирная лавка, туалетная комната и пр...
В отдельном помещении ютится настоящий Мамонтенок, правда увидеть его можно только через окошко.
Организованно побывали на экскурсии с одноклассниками! ОТЛИЧНО!",
Дальневосточный округ,Республика Саха (Якутия),Якутск,Развлечения в Якутске,Царство вечной мерзлоты,Julus_Stan,5,"Понравилось все! Особенно то, что и летом можно заходить в это ледяное Царство. При входе выдается плащ утепленный и валенки! :)",Опубликовано 1 февраля 2015 г.
Дальневосточный округ,Республика Саха (Якутия),Якутск,Развлечения в Якутске,Царство вечной мерзлоты,KAYAK372,5,"Идея просто великолепная. Музеи, парки есть везде, а это очень необычное место. В августе с жары попадаешь в вечную мерзлоту. В горе прорыты туннели с разветвлениями и небольшими помещениями. Как нам рассказали, в советское время это был огромный естественный холодильник, где хранились стратегические продовольственные запасы. Сейчас там выставка ледовых скульптур, в разных пещерах разная тематика. Есть спальня с мебелью и ледяной кроватью, покрытой шкурами. Есть бар, в котором всё сделано изо льда, и барная стойка и стулья и стаканы, в которые можно чего-нибудь налить. При входе сувенирный магазинчик, посетителям бесплатно выдают тёплые накидки. Очень вежливый и приятный смотритель.",Опубликовано 27 октября 2016 г.
Дальневосточный округ,Республика Саха (Якутия),Якутск,Развлечения в Якутске,Царство вечной мерзлоты,KTatya,4,"Были с семьей в июле 2015 года, очень забавными смотрятся сами накидки, ощущаешь себя эдаким масоном тайного общества. Идея и задумка интересная, не хватало какой то экскурсии. Время провождение там на 20-40 минут. Из развлечений есть ледяная горка, на которой можно покататься.",Опубликовано 9 марта 2016 г.
Дальневосточный округ,Республика Саха (Якутия),Якутск,Развлечения в Якутске,Царство вечной мерзлоты,Katherine408,4,"Два длинных туннеля в вечной мерзлоте с множеством прекрасных баре со скульптур. Детям понравится, и для взрослых и выглядят очень весело",Перевод: PROMT
Дальневосточный округ,Республика Саха (Якутия),Якутск,Развлечения в Якутске,Царство вечной мерзлоты,Kos_Swan,5,"Царство вечной мерзлоты довольно интересный музей, расположенный в горе/холме на выезде из города Якутска в сторону Витебска и Мирного. Вход - 500,00р. Большое множество ледяных фигур животных, тематических якутских и просто забавных, как барная стойка или компьютер. Также можно увидеть голову настоящего мамонта, которая обладает уникальным запахом. Есть воссозданная мумия мамонта в натуральную величину. В общем побывать стоит, учитывая что рядом расположен не менее интересный ресторан чочур муран, из которого кстати тоже можно отправиться на экскурсию в царство вечной мерзлоты. Так что последовательность выбирать Вам.
P.S. в музее холодно!",Опубликовано 14 апреля 2016 г.
Дальневосточный округ,Республика Саха (Якутия),Якутск,Развлечения в Якутске,Царство вечной мерзлоты,KulturaOrenburg,5,Это то место которое необходимо посетить если Вы оказались в якутске. Пройдя по коридорам Царства мерзлоты Вам откроются Чудесные виды. Особенно Вам запомнится истории который рассказывает сопровождающий экскурсовод. очень рекомендую увидеть это место.,Опубликовано 28 ноября 2016 г.
Дальневосточный округ,Республика Саха (Якутия),Якутск,Развлечения в Якутске,Царство вечной мерзлоты,Kuna_1979,5,"Очень много слышала о царстве вечной мерзлоты. И наконец то выбрались семьей сами. Это потрясающее место!Постоянная температура -10-15 градусов по Цельсию. Прорыто в Горе. Раньше это было хранилище для мяса и рыбы. Сейчас же музей, в котором расположены удивительные по своей красоте ледовые скульптуры с героями якутского эпоса. Есть отдельная комната Чыысхана-якутского деда мороза, есть ледяной почтовый ящик, куда можно класть письма для Деда Мороза, который обитает в Великом Устюге и ежегодно посещает царство вечной мерзлоты :) есть ледяной бар, где можно выпить из ледяных рюмок, есть горка, с которой с удовольствием мы покатались. Все стены и потолок покрыты кристаллами снега и льда. Кажется, что время остановилось здесь.... Летом выдают спец одежду, чтобы посетители не замерзли. Обязательно вернемся и летом, для сравнения впечатлений:) это надо видеть своими глазами, потому что ни фото, ни слова не могут передать очарование и красоту. Это место номер два для меня ,после Ленских столбов ,в Якутии на данный момент.",Опубликовано 25 марта 2015 г.
Дальневосточный округ,Республика Саха (Якутия),Якутск,Развлечения в Якутске,Царство вечной мерзлоты,Lena P,5,"Царство вечной мерзлоты - удивительное место, прорытое в самом сердце сопки - Чочур Мыраан. Там есть множество красивых скульптур изо льда - от огромного ледяного бриллианта до статуи Будды. Можете также выпить настоящую Russian vodka из ледяного стакана и заккусить замороженной сырой рыбой! А также полежать на ледяной кровати покрытой медвежьей шкурой.",Опубликовано 23 сентября 2016 г.
Дальневосточный округ,Республика Саха (Якутия),Якутск,Развлечения в Якутске,Царство вечной мерзлоты,Levchenko J,3,"Это стометровый шурф в горе на окраине Якутска, наполненный ледяной скульптурой, которая подсвечена разноцветными огоньками. Производит, вероятно, большое впечатление летом, когда на улице +40, а внутри - стабильные -7-8. Здесь можно полежать на ледяной кровати, задрапированной оленьими шкурами, сфотографироваться со звездами - например, с Владимиром Вольфовичем Жириновским, которого изготовили в связи с его визитом. На периферии экспозиции бедными родственниками болтаются научные сведения о вечной мерзлоте - видно, что администраторы объекта уверены, что эта загрузочная хрень никому не интересна, вот кровать и Жирик - совсем другое дело. На выходе дают сертификат о посещении ""царства"", продают магниты и ручки, а также крем из оленьих пантов, изготовленный в Подмосковье.",Опубликовано 7 августа 2019 г.
Дальневосточный округ,Республика Саха (Якутия),Якутск,Развлечения в Якутске,Царство вечной мерзлоты,Leykand,5,"Всего два шага, и ты из +30 переносишься в -10, все как в сказке, ледяные скульптуры, резиденция Деда Мороза. Причем есть как национальная тематика по мотивам эпосов, так и скульптуры, на которые авторов вдохновляли работа Пикассо.
Ледяные горки, бар, отель, всего и не перечислишь. Весьма рекомендую посетить, особенно летом:).",Опубликовано 14 июля 2015 г.
Дальневосточный округ,Республика Саха (Якутия),Якутск,Развлечения в Якутске,Царство вечной мерзлоты,Liz W,5,"Это одно из самых экстраординарных мест, которые я когда-либо посещал - потрясающий. Это может быть пугающе, чтобы попасть в отель, который очень холодно, но чувствуешь себя в безопасности.",Перевод: PROMT
Дальневосточный округ,Республика Саха (Якутия),Якутск,Развлечения в Якутске,Царство вечной мерзлоты,MMXX23,4,"На окраине Якутска под большим холмом в страной штольне располагается выставка ледяных фигур. В разветвляющихся тоннелях представлены ледяные фигуры, показывающие различные моменты из истории и мифологии Якутии.
На сводах тоннелях вырастают необычные и очень большие ледяные кристаллы.
В конце экскурсии вам предложат выпить вкусных настоек из ледяных рюмок.
Обязательно стоит посетить.",
Дальневосточный округ,Республика Саха (Якутия),Якутск,Развлечения в Якутске,Царство вечной мерзлоты,MTMT2012,5,"Очень красивые ледяные скульптуры в пещере при -18. Тематика разная - мамонты, фольклор, пародия на Родена и т.д. Есть возможность выпить водки из ледяного стакана и закусить строганиной из ледяной тарелки.",Опубликовано 4 июля 2014 г.
Дальневосточный округ,Республика Саха (Якутия),Якутск,Развлечения в Якутске,Царство вечной мерзлоты,Maikl1971,5,"Лучшее место в Якутске !!! Молодцы , ребята хозяева , отличная задумка , прекрасное исполнение и хороший сервис !",
Дальневосточный округ,Республика Саха (Якутия),Якутск,Развлечения в Якутске,Царство вечной мерзлоты,Maksim Kardozu,5,"эта пещера расположена внутри сопки, говорят, что там находились бывшие ледники. удивительно, когда на улице +30, а внутри этой пещеры минусовая температура. чтобы вы не замерзли , вам дадут спецодежду и проводят по нескольким залам. само помещение не такое большое, внутри различные ледяные фигуры, выполненные местными мастерами, но все это очень необычно и красиво. думаю, стоит посетить это место обязательно.",Опубликовано 2 августа 2017 г.
Дальневосточный округ,Республика Саха (Якутия),Якутск,Развлечения в Якутске,Царство вечной мерзлоты,Maxim A,5,"Очень интересный музей мерзлоты- а по факту это музей ледовых скульптур в сопке! Есть iсe bar, можно выпить и закусить!",Опубликовано 5 февраля 2015 г.
Дальневосточный округ,Республика Саха (Якутия),Якутск,Развлечения в Якутске,Царство вечной мерзлоты,Maxim K,5,"В самом начале Впечатления очень интенсивные) ощущение чего то нового.. мамонт, кровать с подстилкой из мехов. далее как по накатанной фигурки изо льда по всюду на разную тематику. В целом хорошее время проведения. Обязательно загляну ещё раз. Есть приятное место внутри) где заранее можно организовать чтобы в конце посещения тебя ждали стопки изо льда наполненные горячительным и закуска в виде строганинки. Оценил) советую побывать.",
Дальневосточный округ,Республика Саха (Якутия),Якутск,Развлечения в Якутске,Царство вечной мерзлоты,Miraslava L,5,"Сказочное место! Волшебно, впечатляюще и просто весело, летом, в жару это просто взрыв, фейерверк! Я была просто обескуражена! Если ты попал в Якутск, если тебе выпала возможность побывать в этом замечательном городе, слышишь, ты именно ты! ТЫ просто обязан посетить это место, я уверена, тебе понравиться!!",
Дальневосточный округ,Республика Саха (Якутия),Якутск,Развлечения в Якутске,Царство вечной мерзлоты,Mpavl,5,Красивые ледяные скульптуры. Исторические находки. Возможность для туриста прикоснуться к вечной мерзлоте!,
Дальневосточный округ,Республика Саха (Якутия),Якутск,Развлечения в Якутске,Царство вечной мерзлоты,Nadir Ki,5,"Это - вышедшая из употребления шахта (?), превращенная в космос для выставок. В течение советских времен это использовалось в качестве места для хранения для замороженного, foodftuff из-за условий вечной мерзлоты. В наше время это используется для выставок ледяных скульптур. Есть также тело демонстрирующегося мамонта.",Перевод: PROMT
Дальневосточный округ,Республика Саха (Якутия),Якутск,Развлечения в Якутске,Царство вечной мерзлоты,Narina R,5,"Это место с зимой incside весь год. Вам дают, отдельная одежда для не чувствуешь себя холодной, когда вы делаете прогулку внутри. Это место в гору. Есть много скульптур показывала традиционную местную жизнь, сказке, обычное жизнь, tresures этого региона, мировое искусство и т.д. Возможно, есть много отличных фотографий и отлично провести отпуск с друзьями или семьей.",Перевод: PROMT
Дальневосточный округ,Республика Саха (Якутия),Якутск,Развлечения в Якутске,Царство вечной мерзлоты,Natalia K,5,Нечто из области фантастики - из 30-ти градусной жары попадаешь в царство льда и снега! Ощущения необыкновенные! Плюс замечательные скульптуры из льда - сказочное место!,Опубликовано 11 июля 2017 г.
Дальневосточный округ,Республика Саха (Якутия),Якутск,Развлечения в Якутске,Царство вечной мерзлоты,Nataliya_Li,4,"Посетили с друзьями. Достаточно интересное место. Ты словно попадаешь в царство снежной королевы. Если вы захотите, то вас еще и угостят строганиной и водочкой из ледяных рюмок. Много ледяных скульптур с описаниями, есть на что посмотреть.
Недалеко можно покататься на собачьих упряжках. Полюбоваться хасками и оленями.",Опубликовано 25 января 2017 г.
Дальневосточный округ,Республика Саха (Якутия),Якутск,Развлечения в Якутске,Царство вечной мерзлоты,Oksana-307,5,"Место красивое, но чтобы вдоволь насладиться всей красотой нужно одеваться тепло. Я брала накидку, которая меня не очень спасла, а вот кроссовки не на долго сохранили тепло моих ног, поэтому вышла я с замерзшими ногами, окоченевшими руками, синими губами и красным носом) Одним словом, замёрзла😃 В остальном всё понравилось. Множество ледяных фигур расставлены по комнатам. Есть даже горка, для любителей экстрима. Летом, конечно, такой контраст очень впечатляет.",
Дальневосточный округ,Республика Саха (Якутия),Якутск,Развлечения в Якутске,Царство вечной мерзлоты,Oleg O,5,"Обязательно сходите. Хоть музей и находится практически за городом, не поленитесь, посетите. Впечатлений море, особенно ледяная горка. В основном экспонаты - это ледяные скульптуры, но очень красиво",Опубликовано 25 августа 2018 г.
Дальневосточный округ,Республика Саха (Якутия),Якутск,Развлечения в Якутске,Царство вечной мерзлоты,Olga С,5,"Музей-ледник, очень своеобразный, прорыт в горе, постоянная температура зимой и летом -10-15 градусов Раньше это был хранилищем для мяса и рыбы. Производят впечатление ледяные скульптуры",Опубликовано 13 апреля 2015 г.
Дальневосточный округ,Республика Саха (Якутия),Якутск,Развлечения в Якутске,Царство вечной мерзлоты,Olga086420,5,"Очень красиво и очень холодно! Над головой огромные снежинки, чудесные ледяные скульптуры. Скользко - не везде проложены тканевые тропинки, будьте осторожны! Для меня было темновато, некомфортно - фигуры освещены как-то точечно, видно плоховато",Опубликовано 22 марта 2017 г.
Дальневосточный округ,Республика Саха (Якутия),Якутск,Развлечения в Якутске,Царство вечной мерзлоты,Paraskovya,4,"Летом в самую жару самое время посетить подобное место. Очень интересно и позновательно. Отдельно моднр заказать строганую рыбу👍 ммм вкуснятина. Всем гостям Якутии советую, точно будите довольны😊",Опубликовано 11 июля 2017 г.
Дальневосточный округ,Республика Саха (Якутия),Якутск,Развлечения в Якутске,Царство вечной мерзлоты,Pozlata,5,"Мне очень понравилось. Необычно сделали, как путешествие в горе по ледяным тропам, встречая тут и там ледяные фигуры.",Опубликовано 28 октября 2019 г.
Дальневосточный округ,Республика Саха (Якутия),Якутск,Развлечения в Якутске,Царство вечной мерзлоты,Rozmarin2014,5,Шикарно. Большое разнообразие ледяных скульптур. В пещере прохладно. Нам выдали теплые накидки и войлочные сапожки. В пещере все переливатся разноцветными огнями. Каждая скульптура - шедевр. Посидели в ледяном кресле Деда Мороза.,Опубликовано 14 июля 2016 г.
Дальневосточный округ,Республика Саха (Якутия),Якутск,Развлечения в Якутске,Царство вечной мерзлоты,Sapinieree,5,"Не ожидал таких ярких эмоций , уникальное место! Промерз насквозь, одевайтесь теплее) На улице лето, жажа, но в царстве вечной мерзлоты тебя встретят скульптуры дедов морозов, снегурочки и Якутские воины.",Опубликовано 24 июля 2014 г.
Дальневосточный округ,Республика Саха (Якутия),Якутск,Развлечения в Якутске,Царство вечной мерзлоты,Sardana B,5,"Ходила в музей летом. Это было просто потрясающе! На улице +35, внутри музея минусовая температура, ледяные скульптуры, ледяная посуда. Удивительное место.
Один из главный достопримечательностей Якутска.",Опубликовано 3 сентября 2014 г.
Дальневосточный округ,Республика Саха (Якутия),Якутск,Развлечения в Якутске,Царство вечной мерзлоты,Sasha R,5,"Все-таки пока не вмешиваемся в природу она тварит чудеса. Летом побывать в природном холодильнике это ли не чудо. Мамонт ,фигуры ,подсветка,ледяная водочка под расколодочку супер. Всем советую сходить",Опубликовано 18 ноября 2015 г.
Дальневосточный округ,Республика Саха (Якутия),Якутск,Развлечения в Якутске,Царство вечной мерзлоты,Selena6234,5,"Температура в Якутске в начале июля была 33 градуса. В это время попасть в зиму было очень необычно.
Даже на горке прокатились.",Опубликовано 24 июля 2018 г.
Дальневосточный округ,Республика Саха (Якутия),Якутск,Развлечения в Якутске,Царство вечной мерзлоты,Sergei A.,3,"Очень много чего посмотреть. На улице лето. Внутри минус 10. Одевайтесь потеплее. Берите одежду с собой, балахоны холодные. А так зачетная экскурсия.",Опубликовано 30 октября 2016 г.
Дальневосточный округ,Республика Саха (Якутия),Якутск,Развлечения в Якутске,Царство вечной мерзлоты,Sobyomv,4,"Интересное место для тех кто мечтает о морозе по среди лета =) тоннели с намороженными льдами на стенах. Для высоких людей испытание , частенько приходится нагибаться (каской бьешься). Фигуры и комнаты выполнены искусно. Настоящие шкуры. Темновато.",Опубликовано 3 сентября 2019 г.
Дальневосточный округ,Республика Саха (Якутия),Якутск,Развлечения в Якутске,Царство вечной мерзлоты,Sodju,5,"Место маст би,как говориться нужно побывать.
Как сказали экскурсоводы минут на тридцать вам времени.На самом деле на все уйдет 10-15. Неплохо сделан бар из льда.Вот только не хватает самих напитков,для полноты обстановки. Но все же с детьми стоит заехать если вы будите с семьей. Я заехал после рабочих встреч,вечером.На улице в августе было плюс 28,внутри минус 6. Так как снимал часто на телефон, то он быстро сел ( холод все таки).
Неплохая подсветка , приветливый персонал.Много иностранцев. Далековато от центра, берите такси.",
Дальневосточный округ,Республика Саха (Якутия),Якутск,Развлечения в Якутске,Царство вечной мерзлоты,Soffi-2012,5,"Очень необычно, особенно среди лета - зима внутри горы! Где-то минус 8 градусов. Выдают тёплые накидки и обувь, но рекомендую захватить и своё - теплый свитер и перчатки не помешают - руки мерзнут фотографировать (за доп. плату). Довольно длинный снежный туннель, вдоль которого стоят ледяные фигуры - очень много: и животные и Дед Мороз и бриллианты и даже ледяной бар и отель... Есть даже мамонт (не ледяной).",Опубликовано 8 сентября 2015 г.
Дальневосточный округ,Республика Саха (Якутия),Якутск,Развлечения в Якутске,Царство вечной мерзлоты,Stas G,5,"Слышали о вечной мерзлоте и ни разу не видели? Тогда вам сюда) Еще одно уникальное место в Якутске, в других городах такого не увидишь. По сути природный холодильник, очень красивый. Из-за повышенной влажности немного промозгло. Экспозиции в таком месте смотрятся неповторимо. Для желающих можно опрокинуть стопку из льда и закусить строганиной) Дети могут прокатится с небольшой ледяной горки.

Обязательно стоит посетить, особенно если вы проездом.",Опубликовано 28 марта 2017 г.
Дальневосточный округ,Республика Саха (Якутия),Якутск,Развлечения в Якутске,Царство вечной мерзлоты,SvetlanaDAWeare,5,"Привезла друзей, гости были в Якутске впервые, соответственно им нужно было прочувствовать всю прелесть якутских морозов) а где летом найдешь в Якутске место лучше? Нигде) Словоохотливый гид помог нам облачиться в специальные теплые плащи и сапоги, показал все ледяные пещеры и угостил строганинкой) Невероятная, почти сказочная экскурсия запомнится гостям надолго",
Дальневосточный округ,Республика Саха (Якутия),Якутск,Развлечения в Якутске,Царство вечной мерзлоты,SvetlanaYakutia1965,5,"Многие люди, даже живя в России, плохо представляют себе настоящий сухой и долгий мороз... Посещение этого уникального комплекса позволит получить представление о понятии ""мерзлота"". ""Царство"" находится в горе, вблизи от города, давая людям возможность своими глазами и другими органами чувств даже летом познакомиться с условиями, в которых живет население Якутии практически круглый год. Не спускаясь под землю, не уезжая далеко, просто войдя за дверь, вы оказываетесь совсем в другом месте, где кругом лед и красота. А главная прелесть - насладившись чудом, прокатившись на горках, попробовав напитки из ледяных стаканов под настоящую якутскую строганину из свежайшей рыбы, можно так же легко покинуть царство холода, как и войти в него, оставив приятные воспоминания о пережитых ощущениях!",Опубликовано 28 сентября 2014 г.
Дальневосточный округ,Республика Саха (Якутия),Якутск,Развлечения в Якутске,Царство вечной мерзлоты,TA197904,5,Хороший и весело! Без сомнения: Поезжайте туда! Настоящий mammut и ледяной фигуры (и ледяная горка) очень хорошие. Сотрудники отеля проделали отличную работу!,Перевод: PROMT
Дальневосточный округ,Республика Саха (Якутия),Якутск,Развлечения в Якутске,Царство вечной мерзлоты,Tamriko N,5,"Когда на улице +28 - очень странно оказаться внутри горы и отморозить пальцы!)) Очень красивые ледяные тематические комнаты с самыми разнообразными скульптурами, от русских богатырей до Будды! Даже если вы в закрытой обуви, не пренебрегите валенками, которые можно взять на входе(к ним и бахилы дают), а так же несмотря на то, что выдают теплые накидки, возьмите очень теплую кофту с собой, даже летом, потому что температура внутри не зависит от погоды снаружи! А в тепле можно насладиться всеми красотами этого царства и не спешить, не чувствуя пальцев, к выходу!)))",Опубликовано 9 июля 2016 г.
Дальневосточный округ,Республика Саха (Якутия),Якутск,Развлечения в Якутске,Царство вечной мерзлоты,Tatiana P,5,"Это место в советское время было чем-то вроде холодного склада для продуктов. По сути - пещера в холме. Внутри мерзлота, поэтому постоянная естественная температура около -7С. В пещере несколько коридоров и небольших залов. Везде - на потолке, на стенах и на полу - иней и кристаллики льда. Все это сверкает, красиво. В помещениях ледовые фигуры, много, выполнены очень художественно, в некоторые вморожены цветы или рыбы. Несколько лет назад был ледяной офис со столом, стулом, компьютером и телефоном изо льда. Сейчас есть комната с кроватью и ледяной бар. Можно, говорят, выпить и закусить строганиной, насчет последнего надо узнавать заранее, во время нашего посещения у них не было. Надо было с собой притащить. Кстати, на входе надо просить теплую одежду, дают утепленные плащи серебристого цвета, валенки с бахилами. Выглядишь как инопланетянин",Опубликовано 25 мая 2017 г.
Дальневосточный округ,Республика Саха (Якутия),Якутск,Развлечения в Якутске,Царство вечной мерзлоты,Tatiana R,5,"Музей находится недалеко от Якутска. Можно добраться на такси. Царство вечной мерзлоты находится в настоящем леднике. Местные говорят, что зимой они туда ходят греться (когда на улице-50), а летом охладиться:) На входе дают каску, тулуп и валенки, так что ходить там вполне комфортно даже летом. Внутри красивая подсветка и тоннели с разными ледяными фигурами (несколько тронов, кровать, животные и др), в конце есть ледяной бар, в котором можно выпить из ледяных рюмок:)",Опубликовано 5 сентября 2018 г.
Дальневосточный округ,Республика Саха (Якутия),Якутск,Развлечения в Якутске,Царство вечной мерзлоты,VElena9,4,"Царство вечной мерзлоты это бывшие естественные хранилища, где раньше в летнее время сохранялись продуктовые запасы. Подъезжаешь к сопке, в которую есть вход. Приобретаешь входной билет. Можно заказать горячительные напитки, которые подадут в ледяных стаканчиках, и ""расколотку"" из мороженой рыбы с солью и чесноком. Внутри гроты, в которых размещены ледяные фигуры. Все своды покрыты ледяными кристаллами, очень красиво. За стеклянной дверью хранится целый череп мамонта. Интересно, красиво. Только очень холодно. При входе выдают суконные сапоги и накидки. Я была в летнем платье, босоножках и легкой куртке. было холодно. Хотелось одеть теплые штаны, шарф и шапку. Тогда можно бы было спокойно походить, а не бежать от холода. Так что, если поедете летом,обязательно берите с собой теплую одежду.",Опубликовано 3 июля 2014 г.
Дальневосточный округ,Республика Саха (Якутия),Якутск,Развлечения в Якутске,Царство вечной мерзлоты,Valeriy_Lepov,5,"Очень неплохое место для посещения в летнюю жару. Температура здесь не выше -10-15 градусов. Поэтому стоит одеть предлагаемую теплую обувь и термоплащ. Обратите внимание на кристаллический потолок и заснеженный пол. Ледяные скульптуры выполнены с присущим якутским скульпторам мастерством. Кроме языческих сюжетов, можно найти христианские и ведические. Также есть ледяная горка, с которой можно скатиться как детям, так и взрослым. Желающие (рекомендую) могут попробовать строганину - сырую замороженную подлёдную рыбу. Хороша и так, но многие любят с водкой. Это всё предлагается здесь, в ледяном баре с соответствующей мебелью и стойкой. Легко можно замёрзнуть, если находится здесь дольше 30 минут. Поэтому следите за дыханием. Сохраняйте тепло и думайте о солнце.",Опубликовано 29 июля 2015 г.
Дальневосточный округ,Республика Саха (Якутия),Якутск,Развлечения в Якутске,Царство вечной мерзлоты,Valery I,3,"В горе - шахты. Шахты конечно же замерзли (вечная мерзлота же). В шахтах провели освещение, облагородили, разместили экспонаты - фрагменты мамонта, ледяные скульптуры и прочее.

Интересно, но цены за входной билет и отсутствие экскурсии печалит.",Опубликовано 20 сентября 2015 г.
Дальневосточный округ,Республика Саха (Якутия),Якутск,Развлечения в Якутске,Царство вечной мерзлоты,Vera L,4,"стоит удовольствие 450 р на взрослого с фото на свой гаджет, с вами идет гид и показывает и рассказывает про ледяные фигуры, фигурки симпотные с подсветкой, есть ледяной бар с такими же рюмками, напитки не включены в стоимость экскурсии, все про все занимает мин 40 неспешным шагом, внутри примерно минус 11",Опубликовано 4 декабря 2014 г.
Дальневосточный округ,Республика Саха (Якутия),Якутск,Развлечения в Якутске,Царство вечной мерзлоты,Victor-vvo,5,"Искусственные пещеры в горе. Летом прекрасно остыть от зноя, зимой же, можно погреться. Температура практически постоянная около минус 7-10. Сплошная экзотика, интересно побывать.",Опубликовано 28 ноября 2017 г.
Дальневосточный округ,Республика Саха (Якутия),Якутск,Развлечения в Якутске,Царство вечной мерзлоты,Viktoria,5,"Посетили царство в августе. На улице жара, а ты катаешься на горке и зрустишь снегом под ногами, это супер. Очень красиво, необычно. Все такое хрупкое, кружевное, красивое. Сын четырех лет в восторге! 100% рекомендую к посещению! П.С. вход бесплатный!",Опубликовано 5 сентября 2018 г.
Дальневосточный округ,Республика Саха (Якутия),Якутск,Развлечения в Якутске,Царство вечной мерзлоты,Vikusha,5,"Я был в Якутске несколько раз, но это место очаровало меня с первой секунды. Я был там в конце июня, когда температура на улице была +20C во внутренней температуру были-8 C/Только несколько шагов dividided лето с зимы. Трудно описать, но это самое лучшее место для визита в Якутске, особенно в лето, теплые дни!!!",Перевод: PROMT
Дальневосточный округ,Республика Саха (Якутия),Якутск,Развлечения в Якутске,Царство вечной мерзлоты,Vladimir gorbac... G,4,Быть в Якутске конечно в первую очередь надо побывать в этой ледяной пещере. Мне кажется это главная достопримечательность города. Поэтому его холят и лелеют. Фотографироваться разрешено. Интересные ледяные скульптуры и естественно мамонт.,
Дальневосточный округ,Республика Саха (Якутия),Якутск,Развлечения в Якутске,Царство вечной мерзлоты,VladimirPH,5,"Удивительное место. Очень удачно якуты преобразовали холодильник в вечной мерзлоте для хранения мяса и рыбы в музей вечной мерзлоты. Ледяные фигуры подсвеченные разнообразными огнями просто завораживают. Атмосфера полностью соответствует Царству Снежной Королевы, даже кажется что где-то рядом. Больше всего понравилась фигура бога охоты Байаная, к нему стоит приходить охотникам и рыбакам.",Опубликовано 16 августа 2019 г.
Дальневосточный округ,Республика Саха (Якутия),Якутск,Развлечения в Якутске,Царство вечной мерзлоты,Vladimir_2903,5,"Этот комплекс позволяет попасть сразу из лета в зиму, в день посещения на улице было +25, внутри -5. Создан на базе старых штолен внутри массива с многолетнемерзлыми породами. По информации от работников намораживают один раз в год, а в остальное время температура остаётся минусовой за счёт мерзлоты. Взрослый билет стоит 500р. Внутри различные ледяные фигуры в тематических залах по теме национального эпоса, игр престолов, ледникового периода. Есть горка. Рекомендуется для посещения, и лучше взять с собой теплые вещи",
Дальневосточный округ,Республика Саха (Якутия),Якутск,Развлечения в Якутске,Царство вечной мерзлоты,Yulia Yakovleva,2,"Ну так, вечная мерзлота, но очень много цирковых элементов и рекламы - сильно раздражало во время посещения.",Опубликовано 27 января 2019 г.
Дальневосточный округ,Республика Саха (Якутия),Якутск,Развлечения в Якутске,Царство вечной мерзлоты,_J1224ZL,2,очень дорогие билеты за вход в пещеру. смотреть особо нечего. мне хватило 5-7 минут пройтись по пещере и сделать несколько фото и это 500 руб.,Опубликовано 25 августа 2016 г.
Дальневосточный округ,Республика Саха (Якутия),Якутск,Развлечения в Якутске,Царство вечной мерзлоты,_tanya7599,5,"Мы попали в самую настоящую резиденцию Деда Мороза! Повалялись на ледяной кровати на настоящих медвежьих шкурах. Взрослые члены семьи дегустировали алкоголь из настоящих ледяных рюмок со строганиной, В общем, в восторге были и взрослые и дети!!!! Приезжайте сюда, не пожалеете!",Опубликовано 2 апреля 2016 г.
Дальневосточный округ,Республика Саха (Якутия),Якутск,Развлечения в Якутске,Царство вечной мерзлоты,alexeirudyh,5,"Отличный музей, рассказывал палеонтолог Сергей Владимирович, показывал видео, мамонта с кровью. Все кости были настоящие",Опубликовано 14 июля 2016 г.
Дальневосточный округ,Республика Саха (Якутия),Якутск,Развлечения в Якутске,Царство вечной мерзлоты,anjelika-kotelnikova,4,"Посетила царство вечной мерзлоты и ребенком-очень понравилось. Интересно, что на улицы лето, жара- а там зима. Рекомендую",Опубликовано 26 октября 2015 г.
Дальневосточный округ,Республика Саха (Якутия),Якутск,Развлечения в Якутске,Царство вечной мерзлоты,annacheckova,5,"Были сегодня в музее вечной мерзлоты, все очень понравилось! Не ожидали увидеть там такое разнообразие ледовых фигур и мамонта 🙈 Были приятно удивлены)) Сделали массу фотографий, за что заплатили 200 рублей, но зато память на долгое время)) мужчина на входе оказался очень дружелюбным и посоветовал нам куда можно еще сходить в Якутске во время новогодних праздников) а таких мест оказалось совсем немного)",
Дальневосточный округ,Республика Саха (Якутия),Якутск,Развлечения в Якутске,Царство вечной мерзлоты,damir k,5,Очень интересно.Якутяне приходите непожалеете.и отдельное спасибо Сергею Федорову за интеоесную лекцию.побольшеб таких людей ценящих нашу историю,Опубликовано 12 января 2019 г.
Дальневосточный округ,Республика Саха (Якутия),Якутск,Развлечения в Якутске,Царство вечной мерзлоты,dimon0910,5,"Прикольное место, но очень холодно. Плащи и каски не спасают. Есть очень интересные и необычные скульптуры.",
Дальневосточный округ,Республика Саха (Якутия),Якутск,Развлечения в Якутске,Царство вечной мерзлоты,dlogatos,5,Самое необычная достопримечательность в Якутске. Там же можно забраться на сопку на видовую площадку,Опубликовано 1 октября 2016 г.
Дальневосточный округ,Республика Саха (Якутия),Якутск,Развлечения в Якутске,Царство вечной мерзлоты,dmk_nik_,5,"Отличное место, был там года три назад с семьей, море впечатлений) правда, заболел потом:( как туда попасть, по записи, или просто прийти туда? Мои уже не помнят просто.",Опубликовано 18 ноября 2014 г.
Дальневосточный округ,Республика Саха (Якутия),Якутск,Развлечения в Якутске,Царство вечной мерзлоты,ilyanord,4,"Обязательное место к посещению для гостей столицы Якутии. Температура летом -5, но по ощущениям все -20. Экскурсия длиться 30 минут, пролетает мгновенно время) С нами была группа туристов из Германии, которые останавливались на каждой скульптуре , поэтому гид немного торопил всех) в конце становится очень холодно, поэтому стоит одеться максимально тепло. На месте выдают обувь, накидку-плащ и каску, но дополнительно самим стоит взять тёплую одежду. Хотели увидеть мамонта, но сказали что его убрали (июль 2017)",Опубликовано 7 августа 2017 г.
Дальневосточный округ,Республика Саха (Якутия),Якутск,Развлечения в Якутске,Царство вечной мерзлоты,irina1417,5,"Очень необычный музей! Замечательно, что есть люди, которые создали это чудо и поддерживают! Администратор, он же экскурсовод, настоящий преданный житель Якутии, с душой к своей истории, народу, провёл экскурсию, и я уже почти готова была остаться на этой земле))) Игра цвета, ощущение холода, замирание дыхания от присутствия духов в подземелье- это то волшебство, которое вы найдёте в музее мерзлоты! Спасибо!!!",
Дальневосточный округ,Республика Саха (Якутия),Якутск,Развлечения в Якутске,Царство вечной мерзлоты,ivkoko,5,"Хотя в музее круглогодично +7 градусов Цельсия и во время экскурсии выдают бесплатно каску, теплые обуви и накидку одеваться желательно потеплее. Внутри красиво всё: и ледяные фигуры и подсветка. Если жизнь занесет в Якутск, то посетить этот объект крайне желательно.",
Дальневосточный округ,Республика Саха (Якутия),Якутск,Развлечения в Якутске,Царство вечной мерзлоты,kapandr70,5,"Огромный ледник который находится неподалеку от этнографического комплекса «Чочур-Муран» внутри горы.Посещение ""Царства вечной мерзлоты"" - одновременно познавательное и развлекательное времяпрепровождение. В тронном зале гостей встречает повелитель холода Чысхаан. Следующий зал - церемониальный. Он сделан специально для проведения обрядов благословения и очищения.В следующей комнате сидит Хозяин Севера – человек-торос из глыбы льда. Согласно одной из многочисленных легенд, которыми изобилует Север, он творит из мерзлоты живых существ и вдыхает в них жизнь.В одной из ледяных комнат расположился мини-музей палеонтологии.В конце выхода есть ледяной бар.
Если Вы в Якутске - рекомендую посетить это место.",Опубликовано 23 июня 2016 г.
Дальневосточный округ,Республика Саха (Якутия),Якутск,Развлечения в Якутске,Царство вечной мерзлоты,katti_tu,5,"Прекрасное место, очень интересно, осталось много впечатлений. Лучше заранее одеться потеплее, так как не смотря на то, что одежду выдают все равно холодно (если идёте летом).",Опубликовано 18 августа 2015 г.
Дальневосточный округ,Республика Саха (Якутия),Якутск,Развлечения в Якутске,Царство вечной мерзлоты,kuzbe,5,"Я всем рекомендую посетить это место! Особенно круто там летом, когда на улице +26, а внутри минус! Ощущения незабываемые! Несмотря на то, что там выдают накидки и обувь, советую одеться потеплее и взять с собой перчатки.",
Дальневосточный округ,Республика Саха (Якутия),Якутск,Развлечения в Якутске,Царство вечной мерзлоты,kychakow,5,"Необычный музей ледовых композиций, для организации которого были задействованы старые шахты горы Чочун-Муран. Музей ""Царство вечной мерзлоты"" входит в эколого-этнографический туристический кластер, активно создаваемый властями Республики Якутия. Превосходные ледовые скульптуры погружают посетителей в мифы и легенды якутского народного эпоса.",
Дальневосточный округ,Республика Саха (Якутия),Якутск,Развлечения в Якутске,Царство вечной мерзлоты,makarok,5,Удивлять начинают ещё со входа! Выдают тёплую одежду и обувь. Внутри всё завораживающе подсвечено и очень красиво! Сделали много забавных фотографий и получили массу положительных эмоций!,Опубликовано 4 января 2016 г.
Дальневосточный округ,Республика Саха (Якутия),Якутск,Развлечения в Якутске,Царство вечной мерзлоты,mar5257,4,"Пещера представляет собой тоннель с ответвлениями. Красивая подсветка. много ледяных скульптур с местным колоритом, большой мохнатый мамонт, кристаллы из снега, интересно.",
Дальневосточный округ,Республика Саха (Якутия),Якутск,Развлечения в Якутске,Царство вечной мерзлоты,mary_arteks,4,"случайно познакомились с туристами из Норвегии и они спросили - как найти Царство вечной мерзлоты. Когда мы приехали, экскурсовода не было, но по табличкам легко было ориентироваться",Опубликовано 12 октября 2016 г.
Дальневосточный округ,Республика Саха (Якутия),Якутск,Развлечения в Якутске,Царство вечной мерзлоты,nastenas82,5,"Очень много интересных ледяных скульптур. Много разных экспозиций. Так же есть бар, где можно выпить из стаканов из льда и поесть страганину из рыбы Чир.",Опубликовано 24 мая 2015 г.
Дальневосточный округ,Республика Саха (Якутия),Якутск,Развлечения в Якутске,Царство вечной мерзлоты,nboyko,5,"Я была гостем в Якутске первый раз. Несмотря на то,что все мои поездки по России связаны исключительно с работой, я стараюсь по возможности и увидеть и открыть для новые места. Царство вечной мерзлоты не исключение.
Очень красиво это слабо сказано. Сходите и сами все увидите",Опубликовано 13 апреля 2016 г.
Дальневосточный округ,Республика Саха (Якутия),Якутск,Развлечения в Якутске,Царство вечной мерзлоты,neusalexandra,4,"Побывали с детьми. Мамонт воняет ужасно. Но сказали что это пахнет древностью. много ледяных скульптур по разным темам, бивни, кости мамонта. Были зимой. советую летом сходить.",Опубликовано 16 марта 2016 г.
Дальневосточный округ,Республика Саха (Якутия),Якутск,Развлечения в Якутске,Царство вечной мерзлоты,ochyk,4,"Всем привет!
Так как я живу в Якутске, практически каждый год бываю в этом музее.
С каждым годом скульптуры добавляются, сервис улучшается.
Если будете в Якутске летом, то побывать обязательно!
Если зимой, то тоже обязательно сходите, погреетесь хоть немного:)",Опубликовано 22 января 2018 г.
Дальневосточный округ,Республика Саха (Якутия),Якутск,Развлечения в Якутске,Царство вечной мерзлоты,revizorro2016,5,"были там в январе, каждый год ездим и удивляемся нашим творцам, скульптуры просто завораживают, каждому стоит посетить это место",Опубликовано 16 марта 2016 г.
Дальневосточный округ,Республика Саха (Якутия),Якутск,Развлечения в Якутске,Царство вечной мерзлоты,school97,5,"Этот музей нужно обязательно посетить. Входной билет 500 рублей. Экспозиция небольшая, но яркая и красочная. Царство льда и холода. Одеваться нужно тепло. На входе можно попросить теплые накидки. Маршрут кольцевой.",
Дальневосточный округ,Республика Саха (Якутия),Якутск,Развлечения в Якутске,Царство вечной мерзлоты,slomin,3,"Да, шахта в вечной мерзлоте - бывшее хранилище Госрезерва, природный холодильник. Да, всегда около ноля. Да. ледяные скульптуры. Но - скульптуры не скажу чтобы суперкачества. А вот рассказа про мерзлоту - что, почему и как жить в условиях мерзлоты - информации практически нет. Как и практически нет именно связанных с мерзлотой природных вещей - тот же мамонт тут из льда. Ну аттракион в водкой из ледяных стаканчиков - очень на любителя.",Опубликовано 29 августа 2017 г.
Дальневосточный округ,Республика Саха (Якутия),Якутск,Развлечения в Якутске,Царство вечной мерзлоты,svetoch2017,5,"Царство вечной мерзлоты. Очень яркие эмоции. Красиво все подсвечено, на горке можно прокатиться, мне понравилось. Жалко только то, что раньше было побольше залов. Были залы с настоящими бивнями мамонта, комната, где можно было выпить из ледяной рюмки стопочку и закусить строганинкой. Сейчас это говорят за отдельную плату. И тогда пить не хотелось, но необычно было как-то. В целом, все равно здорово. Одно из ярких мест, которые нужно посетить.",Опубликовано 7 августа 2018 г.
Дальневосточный округ,Республика Саха (Якутия),Якутск,Развлечения в Якутске,Царство вечной мерзлоты,taatta13,4,"Стоит посетить данное место, окунуться в царство вечной мерзлоты. Стаканы из льда, мебель из льда и т.д.",Опубликовано 10 июня 2015 г.
Дальневосточный округ,Республика Саха (Якутия),Якутск,Развлечения в Якутске,Царство вечной мерзлоты,teen1983,4,"Уникальное место где холод создаёт сама природа. Это бывшие склады хранения имеют форму туннелей где холод сохраняется естественным образом без каких либо систем охлаждения. Внутри находятся ледовые скульптуры. Немного однообразно, но в целом живенько",Опубликовано 28 июля 2017 г.
Дальневосточный округ,Республика Саха (Якутия),Якутск,Развлечения в Якутске,Царство вечной мерзлоты,thesmdm,5,"Использовали, чтобы быть большим место хранения содержание рыбы, которая находится в стороне холма. Я думаю, немного как Ледяной Фестиваль в Харбине, Якутский захват там владеют фестивалем И появился, все помеченные, а части размещены в Королевстве Вечной мерзлоты. Стоит посетить.",Перевод: PROMT
Дальневосточный округ,Республика Саха (Якутия),Якутск,Развлечения в Якутске,Царство вечной мерзлоты,valeryka,5,"Из промерзлой горы сделали красоту, там много ледяных скульптур. Выдают теплые накидки. Все сделано с любовью",
Дальневосточный округ,Республика Саха (Якутия),Якутск,Развлечения в Якутске,Царство вечной мерзлоты,yamsk2017,4,Советую посетить данное место. Только очень холодно там. Одевайтесь теплее и вперед.И не забудьте фотоаппарат,Опубликовано 28 марта 2017 г.
Дальневосточный округ,Республика Саха (Якутия),Якутск,Развлечения в Якутске,Царство вечной мерзлоты,yaroslavayaroslava,5,"Невероятные ощущения, когда попадаешь из лета в зиму)
Средняя температура там около -15 градусов.
Обязательно сходите, впечатления останутся надолго!
Ледяная горка, кровать из льда со шкурами оленей, множество скульптур, бар где предлагают выпить из ледяной рюмки водки и отведать строганинки)
Захватите с собой вещи потеплее, потому что хоть там и выдают куртку с ботинками- мне все равно было холодно и продержались мы там не больше 15 минут)
Билет для взрослого около 500 рублей,кажется.",Опубликовано 24 июня 2015 г.
Дальневосточный округ,Республика Саха (Якутия),Якутск,Развлечения в Якутске,Царство вечной мерзлоты,yuriyk629,5,Место обязательное для посещения ; только здесь и красота и познания мира вечной мерзлоты ; сказочный мир подземелья; ледовая закуска - оригинально,Опубликовано 18 января 2017 г.
Дальневосточный округ,Республика Саха (Якутия),Якутск,Развлечения в Якутске,Царство вечной мерзлоты,zelenaalex,4,"Интересные скульптуры, хорошо все продумано и организовано в плане предоставления теплой одежды и обуви, обеспечения безопасности касками и фонариками. Понравились ледяные залы, где были собраны представители жителей Верхних, Средних и Нижних миров по якусткой мифологии. Другие залы, где можно поиграть в керлинг , покататься на ледяной горке, поспать на ледяной постеле или выпить с Дедом Морозом тоже хороши. Жаль, что ребята не сдают такой ледяной отель для ночевки, знаю, что в Скандинавии где-то есть ледяной отель, где можно провести только одну ночь, и он практически за год заранее уже полностью забронирован. И еще рекомендую посетить комплекс Чочур Муран, который находится в 500 м от ледяной пещеры. На его террирории есть ферма хаски, отличный ресторан, настолько популярный, что все места были забронированы и мы смогли получить места на 1.5 часа всего, нам хватили времени пообедать, блюда вкусные, мы выбирали нациоанльные, меню разнообразное.",Опубликовано 30 августа 2018 г.
Дальневосточный округ,Республика Саха (Якутия),Якутск,Развлечения в Якутске,Царство вечной мерзлоты,Александр В,5,"Уникальное место. Остался под впечатлением. В завершении посещение ледяного бара на выходе с употреблением набора ""етти"", купленного на входе= 1700 руб., куда входит бутылка водки 0.25 и тарелка строганины из чира + ледяная стопка.",
Дальневосточный округ,Республика Саха (Якутия),Якутск,Развлечения в Якутске,Царство вечной мерзлоты,Александр К,3,"Зимой в Якутске подобные вещи по всему городу. Летом, наверное, на контрасте будет интересно. Все пошарпанное. Скульптуры, подсветка требуют чистки и реставрации",Опубликовано 22 января 2016 г.
Дальневосточный округ,Республика Саха (Якутия),Якутск,Развлечения в Якутске,Царство вечной мерзлоты,Алексей А,4,Пещерный комплекс врезанный в гору Чочун-Морян. Необычный музейный комплекс. Скульптуры и композиции из льда и некоторые останки древних животных. Маловато информации о представленных сюжетах,Опубликовано 15 августа 2016 г.
Дальневосточный округ,Республика Саха (Якутия),Якутск,Развлечения в Якутске,Царство вечной мерзлоты,Алексей Р,5,"Очень интересное место, желательно посетить летом в самую жару, тогда получаешь незабываемые ощущения.",Опубликовано 11 сентября 2015 г.
Дальневосточный округ,Республика Саха (Якутия),Якутск,Развлечения в Якутске,Царство вечной мерзлоты,Алексей Т,4,"Вообще думал, что там будет скучно. Но там не скучно. Хорошо организован отдых для детей, легкий морозец освежает. Учитывая. что это часть комплекса, то для и взрослых там предусмотрена масса услуг.",Опубликовано 6 ноября 2018 г.
Дальневосточный округ,Республика Саха (Якутия),Якутск,Развлечения в Якутске,Царство вечной мерзлоты,Борис К,4,Прекрасная идея устроить круглогодичную выставку ледяных скульптур в фольклорном стиле. Немного не хватает продуманности и порядка в пещерах. А также спецэффектов. Но все же необыкновенные впечатления от посещения выставки обеспечены,Опубликовано 1 сентября 2015 г.
Дальневосточный округ,Республика Саха (Якутия),Якутск,Развлечения в Якутске,Царство вечной мерзлоты,Вадим В,5,"Удивительное место, где сразу вспоминается анекдот про то, зачем чукче холодильник :))) Всем советую обязательно его посетить и не забудьте взять с собой из ресторана порцию строганины и бутылочку ""подлёдки"", там как раз есть бар с ледяными стопками!!!",Опубликовано 24 августа 2015 г.
Дальневосточный округ,Республика Саха (Якутия),Якутск,Развлечения в Якутске,Царство вечной мерзлоты,Василий П,5,Подземные штольни вглубь откоса Лены в которых выставлены ледяные скульптуры. Очень красиво и интересно. Летом обязательно надо взять тёплую одежду.,Опубликовано 21 ноября 2019 г.
Дальневосточный округ,Республика Саха (Якутия),Якутск,Развлечения в Якутске,Царство вечной мерзлоты,Василий Ц,5,"Я рекомендую к посещению этот музей. Я был потрясен до глубины души красотой и изысканными скульптурами на разную тематику. Это красивое место со своей таинственной атмосферой.
Единственный совет: одевайтесь потеплее)))",Опубликовано 2 мая 2022 г.
Дальневосточный округ,Республика Саха (Якутия),Якутск,Развлечения в Якутске,Царство вечной мерзлоты,Василиса В,5,"весной, очень понравилось. Когда посещаете в теплое время года, то вам предложат теплые накидки сказали. Кафе внутри работает видимо по спецзаказу, когда мы ходили, он не работал. Все экспонаты в царстве - из льда. Очень прикольно!",Опубликовано 19 февраля 2017 г.
Дальневосточный округ,Республика Саха (Якутия),Якутск,Развлечения в Якутске,Царство вечной мерзлоты,Виктория Ж,4,"Перенеслись по взмаху волшебной палочки в зиму. Покатались на ледяных горках, полежали на ледяной кровати с покрывалом их оленьих шкур. Советую побывать.",Опубликовано 27 мая 2015 г.
Дальневосточный округ,Республика Саха (Якутия),Якутск,Развлечения в Якутске,Царство вечной мерзлоты,Виталий А. Прохоренков,5,"Были там с группой в конце января 2021. Потрясающе! Очень необычно и очень интересно!
Огромное спасибо нашему гиду по Царству - Ольге! Очень интересный рассказ. И даже олохо станцевали и спели (а голос у Ольги замечательный).
И даже выпили мы немного из специально для нас подготовленных ледяных стопок :)
Классная горка, зал для кёрлинга, необычные скульптуры и троны застеленные шкурами! Прекрасная фотосессия!
Потрясающе! Обязательно к посещению!",
Дальневосточный округ,Республика Саха (Якутия),Якутск,Развлечения в Якутске,Царство вечной мерзлоты,Владимир Ш,4,"Большая по площади. Не понравились стопки в айс баре, какие то бушные. Для того чтобы посетить один раз, годится. Одевайтесь тепло.",Опубликовано 15 февраля 2017 г.
Дальневосточный округ,Республика Саха (Якутия),Якутск,Развлечения в Якутске,Царство вечной мерзлоты,Геннадий Ш,5,"В этом году экскурсия по Царству вечной мерзлоты, в отличии от прошлого посещения, была более полной и длительной. В прошлом году моё посещение объекта было связано с мероприятием, и поэтому не удалось все посмотреть
Объект очень интересен.
Но есть серьёзный недостаток - отсутствие качественных сувениров для туристов. Хорошо хоть сертификат о посещении выдают, что является также сувениром. Но не мешало бы чтобы на объекте продавались бы и другие сувениры
Руководству объекта также следует обратить внимание на обеспечение более качественной подсветки внутри пещеры, отдельных объектов. Сегодняшнее освещение не позволяет сделать много хороших фотографий
Рекомендую к обязательному посещению",
Дальневосточный округ,Республика Саха (Якутия),Якутск,Развлечения в Якутске,Царство вечной мерзлоты,Геннадий Ш,5,"Прикольно когда ты заходишь в ""Царство вечной мерзлоты"" и на улице температура минус 40, то в Царстве значительно теплее.
Все кто бывает в Якутии, обязательно должен побывать на данном объекте.
Это восторг, это масса положительных эмоций",Опубликовано 4 июня 2017 г.
Дальневосточный округ,Республика Саха (Якутия),Якутск,Развлечения в Якутске,Царство вечной мерзлоты,Дмитрий С,5,"Интересное место, в основном выставка ледяный скульптур, есть археологические находки, голова мамонта и чучело, кости. Один раз это место действительно стоит посетить!",Опубликовано 2 сентября 2016 г.
Дальневосточный округ,Республика Саха (Якутия),Якутск,Развлечения в Якутске,Царство вечной мерзлоты,Евгений Б,5,Очень интересное место. Входной билет стоил рублей 400-500 (точно не помню). На входе выдают теплую обувь и накидки. И отправляешься в самостоятельное путешествие по ледяной горе. Внутри имеются множество различных ледяных фигур с разноцветной подсветкой. Весь поход занимает минут 20-30. В конце путешествия вас ожидает настоящая голова мамонта и чучело целого мамонта.,Опубликовано 11 июля 2017 г.
Дальневосточный округ,Республика Саха (Якутия),Якутск,Развлечения в Якутске,Царство вечной мерзлоты,Елена Ивановна,5,"Обязательно при посещении Якутска! Очень колоритное место. Оформлено в национальных традициях. Можно возлежать на ледяном ложе в мехах, тяпнуть ледяною стопочку водки, покататься с горки, полюбоваться шикарными ледяными скульптурами. Советую взять дополнительную теплую одежду, хоть там и выдают, но лишним не будет.",Опубликовано 26 июля 2016 г.
Дальневосточный округ,Республика Саха (Якутия),Якутск,Развлечения в Якутске,Царство вечной мерзлоты,Елена К,4,"Если Вы проиезжаете в Якутск впервые - обязательно посетите комплекс ""Царство вечной мерзлоты"". Я давно слышала про него, но попасть туда и увидеть все воочию, как-то не получалось.
А в 2014 году так сложилось, что я побывала там дважду. Первый раз это было в апреле месяце, когда мы отмечали день геолога совсем недалеко, в районе Чочур-Муран, и просто с коллегами сходили и опсмотрели, что это такое. А второй раз я побывала там с дочерью, когда она приезжала к нам в отпуск, было это в июле месяце. Ее я повела туда уже специально, зная, что нас там ожидает, зная, что это будет незабываемое впечатление.
Так и произошло. Представляете, когда на улице жара за 30, а жара в Якутске летом бывает просто изнурительной, а вы одеваетесь потеплее, вам предусмотрительно выдают теплые накидки и войлочную обувь и вы, пройдя несколько помещений на входе, попадаете в зиму. Под ногами снежок, с потолка свисают ледяные стологмиты (или столоктиты), все стены покрыты ледяными наростами, а температура такая, что изо рта идет пар.
А вокруг такая красота: ледяные скульптуры разных видов, разных размеров, выполненные разными авторами, ажурно-тонкой работы и светящиеся изнутри за счет разноцветной подсветки, объединены по залам с конкретной тематикой и внетематические композиции. В каждом зале есть описание экспозиции, но если вы идете в составе экскурсионных групп, вам расскажут еще много интересных фактов обо всем, что здесь представлено. Есть и ледяная горка, с которой можно скатиться, и зал бога охоты - Байаная, и залы, посвященные якутскому эпосу Олонхо: верхний мир, средний мир и нижний мир, есть комната, посвященная шутовской ледяной свадьбе времен Петра 1 и много еще чего интересного,
Не перестаешь удивляться изяществу фигур, выполненных из льдя, этот материал придает им особую легкость и красоту. А в конце вас ожидает настоящий бар, только ледяной, где вся посуда сделана опять же изо льда.
...Мы выходили оттуда с постукивающими от холода зубами, чтобы снова окунуться в изнуряющую жару июля, а перед глазами все еще стояли сверкающие, прозрачные, зачаровывающие ледяные скульптуры.",
Дальневосточный округ,Республика Саха (Якутия),Якутск,Развлечения в Якутске,Царство вечной мерзлоты,Елена У,4,"Начнем с того, что там очень холодно..Застывает все, особенно ноги :)) Вечная мерзлота!! По поводу экспозиции- есть достойные экспонаты и фигурки, а есть откровенная ерунда. Ковровые дорожки в этом царстве- моветон. Есть типа ледяное кафе- много мусора и отсутствие персонала. Цена выше, чем предложение.",Опубликовано 27 апреля 2015 г.
Дальневосточный округ,Республика Саха (Якутия),Якутск,Развлечения в Якутске,Царство вечной мерзлоты,Жанна Аян,5,"Очень нравится царство вечной мерзлоты, увлекательная экскурсия, много ледовых экспонатов, внизу реально холодно, поэтому советую тепло одеться.",Опубликовано 14 ноября 2020 г.
Дальневосточный округ,Республика Саха (Якутия),Якутск,Развлечения в Якутске,Царство вечной мерзлоты,Илья П,5,"Замечательно посещать летом в жаркую погоду. Есть настоящие останки древнего носорога и мамонта, не окаменелости а настоящее мясо. можно потрогать и понюхать. Зимой можно зайти погреться, покататься на горке =) Есть ледяной бар, где можно выпить водки из ледяной стопки и закусить настоящей строганиной. Нужно оговаривать заранее.",Опубликовано 17 января 2016 г.
Дальневосточный округ,Республика Саха (Якутия),Якутск,Развлечения в Якутске,Царство вечной мерзлоты,Инга П,5,"Как я поняла, раньше это был ледник для хранения стратегического запаса продуктов. Сейчас это очень красивое и впечатляющее место с ледяными фигурами. Выглядит всё сказочно, Выдают войлочные ботинки и термо-плащ, но всё равно старайтесь одеться потеплее. Есть места без дорожек, где достаточно скользко. Билет стоил 400р. Обязательно стоит посетить. Бивни у мамонта настоящие. Но почему его здесь на сайте называют мамонтенком Димой не понятно. Дима горазда меньше, его копия стоит в краеведческом музее.",
Дальневосточный округ,Республика Саха (Якутия),Якутск,Развлечения в Якутске,Царство вечной мерзлоты,Ирина,5,"Это что то не обычное))) Советую всем , будете в Якутске обязательно посетить это место. К сожалению фото не удалось сделать, батарейка села((( Но в моей памяти эти впечатления останутся на долго",Опубликовано 24 апреля 2019 г.
Дальневосточный округ,Республика Саха (Якутия),Якутск,Развлечения в Якутске,Царство вечной мерзлоты,Константин З,5,"Был уже не в первый раз, летом эффект восприятия более объемный. Но я привез туда интуриста, первый раз в республике. Он добавил недостающих впечатлений, его эмоции передались мне. Столько восхищения и такого количества снимков не делала да же моя подруга на море. Там есть все, но из льда начиная от предметов быта, стол, стул, компьютер, Гигантские кольца с брильянтами, различные животные как местные, так и экзотические. А брильянтом коллекции считаю, мамонта, но уже не из льда, а настоящий, его целиком раскопали, он замерз и сохранился до наших дней. Правда фотать его не разрешают, говорят он может от этого испортиться. Советую всем туристам, а особенно летним посетить это место.",Опубликовано 13 ноября 2014 г.
Дальневосточный округ,Республика Саха (Якутия),Якутск,Развлечения в Якутске,Царство вечной мерзлоты,Константин М,5,"стоимость 500 руб без ограничения времени пребывания. Написано, что можно там и покушать строганинки с водовкой за отдельные деньги, но не предложили. Вобщем с собой туда надо взять водовки и закусочки строганинки, например с собой, соль и перец - там есть, хороший зал, типа бара, где можно просто прийти и побухать :) из ледяных стопок (200 руб за саму стопку только заплатить и все, хотя там вроде стояли бесплатные :) Я сильно пожалел, что не взял. Дети в отдельном зале визжат и на горке катаются :)
ОБЯЗАТЕЛЬНО взять теплую обувь на кассе и не помешало бы если долго будете ходить - зимнюю одежду свою, я пошел в своих осенних ботиночках и сильно пожалел. За фото отдельно платить не надо, все равно никто не проверяет.",
Дальневосточный округ,Республика Саха (Якутия),Якутск,Развлечения в Якутске,Царство вечной мерзлоты,Крель Н,5,"Вокруг Якутск красивым ожерельем тянутся сопки. В советское время штольня одной из них у горы Чочур-Муран, как нам рассказали, использовалась как огромный погреб для хранения продуктов. В этом то подземелье и открыли в 2008 году туристический центр — «Царство вечной мерзлоты».
На входе в это Царство вам выдают теплые плащи и войлочную обувь (с одноразовыми подследниками). Если вы пришли сюда в легкой одежде и обуви, обязательно воспользуйтесь этим предложением: необходимые вещи, ведь летом температура в пещере не поднимается выше минус четырех-пяти градусов (зато зимой не опускается ниже –10, так что после шестидесятиградусного якутского мороза здесь очень даже тепло :-) ). Да, еще вам категорически будет предложено защитить голову каской: техника безопасности. Мне она очень мешала, все время хотелось снять.
Но это все - неважно. Вы открываете одну, вторую, третью дверь и... завороженно замираете на месте! Перед вами - действительно, сказочное царство льда! Если присмотреться к стенам, увидишь своими глазами, что такое вечная мерзлота: влага в почве замерзла, вся земля пронизана ледяными прожилками. Лед образует кристаллы, сияющие в свете цветных ламп. Эффект нереальности усиливает музыка.
Внутри штольня поделена на несколько залов. В первом гостей встречает повелитель холода Чысхаан — здесь его резиденция. Здесь же находится резиденция деда Мороза, ведь сюда он приезжает за символом холода - зима в России начинается в Якутии. Есть ритуальный зал для традиционных якутских обрядов. Можно прокатиться с ледяной горки или поиграть в ледяной керлинг, ""выпить"" из ледяных бокалов в ледяном баре, посетить ледяную выставку брильянтов и посидеть на ледяных тронах. Очень много самых разных ледяных скульптур. Скульптуры разрешается трогать — на счастье, для исполнения желаний (не забывайте загадать!)
Адрес музея: Вилюйский тракт, 5 км. Время работы: с 11:00 до 19:00. стоимость для взрослых 500 руб, фото- и видеосъёмка, точно не помню, около 150 руб. Есть свои сувениры (цены там, в городе, в киосках аэропорта - приблизительно одинаковые). Расчет наличные и по картам.",Опубликовано 18 июня 2018 г.
Дальневосточный округ,Республика Саха (Якутия),Якутск,Развлечения в Якутске,Царство вечной мерзлоты,Лиана К,5,"Очень аутентичное место! Действительно оправдывает свое название - Царство вечной мерзлоты! Там всегда очень холодно! Очень рекомендую посетить это место: Сами коридоры пещеры из нарощенных кристаллов - впечатление, что попадаешь в сказку! Все - ледяное, за исключением - мамонта! Мамонт - практически настоящий! есть сани и кровать Снежной королевы; Ледяной бар, где можно испить крепкие напитки из ледяной посуды, и отведать струганины (мерзлой рыбы). При входе дают одежду: Серебрянные плащи-накидки и суконные сапоги, для того чтобы не замерзнуть в процессе экскурсии. Остальное сами посмотрите. Очень рекомендую там побывать!",Опубликовано 3 сентября 2016 г.
Дальневосточный округ,Республика Саха (Якутия),Якутск,Развлечения в Якутске,Царство вечной мерзлоты,Лилиана П,5,"Когда на улице мороз мы любим ездить в Царство Вечной красоты. Уникальное место в котором круглый год сохраняется температура -10 гр. ,при этом там ещё и очень красиво, постоянная экспозиция ледяных скульптур, просто шедевры. Кроме местных жителей Якутиии в Царство нравиться отдыхать и гостям нашей столицы. Сотрудники ледяного Царства стараются удивить все новыми и новыми скульптурами, есть там ещё одно развлечение ледовая горка и летом она особо актуальна. Вся семья всегда получает массу удовольствие при посещении лабиринтов замороженного Царства Вечной красоты!",Опубликовано 12 февраля 2019 г.
Дальневосточный округ,Республика Саха (Якутия),Якутск,Развлечения в Якутске,Царство вечной мерзлоты,Любовь К,5,"Музей очень понравился. Восхищаюсь золотыми руками мастеров! Хорошая подсветка. В скульптурах отражены верования якутов и русских. Настоящая горка и бар с ледяным компьютером и стопками, ледяные фигуры рыб с настоящей рыбой в них. Можно посидеть на ледяном троне и почувствовать себя снежной королевой. Очень рекомендую посетить. Одеваться надо тепло, т. к. холодно. Чтобы не дрожать от холода и рассмотреть все внимательно и прочитать надписи к скульптурам. Войлочные сапоги, которые выдают теплые, а накидка не греет. Берите теплую одежду. После +15 в - 4 очень быстро мерзнешь и не комфортно. На кассе продают сувениры",
Дальневосточный округ,Республика Саха (Якутия),Якутск,Развлечения в Якутске,Царство вечной мерзлоты,Макс Ч,4,"Очень понравилось. Ставлю 4 балла, потому что за ледяными скульптурами нужно лучше следить. А именно, чаще очищать их от наледи и инея, а также поработать над подсветкой. У большинства скульптур подсвечена только нижняя часть.",
Дальневосточный округ,Республика Саха (Якутия),Якутск,Развлечения в Якутске,Царство вечной мерзлоты,Максим Г,5,"Добрый день!
Отличное место для прогулки как взрослым так и детям.
Много ледяных фигур, есть ледяная горка с которой можно покататься, ледяной лабиринт.
Взрослые в конце экскурсии могут выпить из ледяных стопок и закусить строганиной.",
Дальневосточный округ,Республика Саха (Якутия),Якутск,Развлечения в Якутске,Царство вечной мерзлоты,Максим К,5,"Где и делать музей вечной мерзлоты, как не в Якутске! Хорошая придумка - переоборудовать бывшие стратегические склады в туристический аттракцион! Ледяные скульптуры, трон Чысхаана (якутского Деда Мороза), огромный брикет замороженного молока... - а особо везучим еще выпадает возможность попробовать ледяной водки из ледяных стопок. В общем, это уже своего рода визитная карточка для приезжающих туристов.",Опубликовано 8 июля 2018 г.
Дальневосточный округ,Республика Саха (Якутия),Якутск,Развлечения в Якутске,Царство вечной мерзлоты,Марина К,5,"Обязательно посетите это место,находится за городом,лучше ехать на авто.Интересно будет всем и взрослым и детям.Режим работы с 10-20.",Опубликовано 24 июля 2014 г.
Дальневосточный округ,Республика Саха (Якутия),Якутск,Развлечения в Якутске,Царство вечной мерзлоты,Миха,5,Были здесь с детьми. Место действительно необычное. Детям понравилось. так же понравилось отношение персонала. Негатива не было,Опубликовано 4 августа 2019 г.
Дальневосточный округ,Республика Саха (Якутия),Якутск,Развлечения в Якутске,Царство вечной мерзлоты,Михаил А,4,"Обустроено на месте бывших природных холодильников. Там в советское время были устроены две шахты длиной около 80 м, с ответвлениями (штреками) для всесезонного хранения продуктов питания В настоящее время, в штреках устроены тематические экспозиции из льда. Хорошее, красивое место для ознакомления с культурой, бытом и сказочными персонажами, где даже летом холодно. Рядом отличное место для отдыха комплекс Чочур-Муран",Опубликовано 25 апреля 2016 г.
Дальневосточный округ,Республика Саха (Якутия),Якутск,Развлечения в Якутске,Царство вечной мерзлоты,Михаил Юрьевич,5,"Мне понравилось,очень красиво.
Пещера в принципе не большая,хотелось конечно больше.
Но все хорошо,красивые фигуры изо льда.",
Дальневосточный округ,Республика Саха (Якутия),Якутск,Развлечения в Якутске,Царство вечной мерзлоты,Мотрена,5,"Царство вечной мерзлоты - этим все сказано. Хотите окунуться в волшебный мир снежной королевы,тогда вам надо побывать здесь",Опубликовано 12 марта 2019 г.
Дальневосточный округ,Республика Саха (Якутия),Якутск,Развлечения в Якутске,Царство вечной мерзлоты,Надежда,5,"Очень красивые ледяные скульптуры! Каждый зал посвящен какой-то теме, очень тонкая работа. Есть горка, можно кататься. Есть ледяные троны для фотографирования. Дают каску, теплую накидку и сапоги.",Опубликовано 7 сентября 2019 г.
Дальневосточный округ,Республика Саха (Якутия),Якутск,Развлечения в Якутске,Царство вечной мерзлоты,Надежда С,5,"Очень чудесный музей! Много ледовых скульптур, можно узнать интересную информацию о регионе, мифы, легенды.
В музее есть так называемый ""Ледяной бар"". Подают строганину, водку и можжевеловую настойку.
Вход - 400 рублей.",Опубликовано 17 апреля 2015 г.
Дальневосточный округ,Республика Саха (Якутия),Якутск,Развлечения в Якутске,Царство вечной мерзлоты,Надиа Т,4,"Нет лучшего способа показать гостям, на что способны морозы в минус 45. В нескольких залах размещены ледяные скульптуры, в одной из таких можно увидеть вмерзшую рыбу (кажется, это был карась). Есть ледяной трон. Можно также попробовать строганины с ледяной тарелочки.",Опубликовано 19 декабря 2015 г.
Дальневосточный округ,Республика Саха (Якутия),Якутск,Развлечения в Якутске,Царство вечной мерзлоты,Натали Ш,4,"внутри ледяные фигурки, горка, есть ледяной бар, перед входом выдают специальную одежду, но летом все равно холодно, так что лучше одеться потеплее. Рядом этнографический комплекс Чочур-Муран, где можно хорошо отдохнуть и поесть блюда национальной кухни, сделать фотографии, увидеть якутских лаек и оленей.",Опубликовано 3 сентября 2015 г.
Дальневосточный округ,Республика Саха (Якутия),Якутск,Развлечения в Якутске,Царство вечной мерзлоты,Наталья У,5,"Это одно из немногих мест, которое действительно обязательно для посещения. В скале вырублены комнаты, в которых мастера воссоздали действительно царство вечной мерзлоты. Фигуры изо льда переливаются гранями, на стенах иней, интересное сочетание оформления... в общем, описать словами чарующую атмосферу невозможно. Я была зимой, но говорят, что посетить царство летом - намного эффектней, после жары входишь в пещеру с минусовой температурой - и удивляешься сказке....
Не забудьте пройти чуть дальше и посетить ресторан-музей ""Чочур-Муран"", также замечательное место)",Опубликовано 16 марта 2016 г.
Дальневосточный округ,Республика Саха (Якутия),Якутск,Развлечения в Якутске,Царство вечной мерзлоты,Ник С,5,Впечатляет! Потрясает! Удивляет! Будучи в Якутии всем рекомендую посетить!) заряд положительных эмоции гарантирован!),Опубликовано 1 августа 2016 г.
Дальневосточный округ,Республика Саха (Якутия),Якутск,Развлечения в Якутске,Царство вечной мерзлоты,Нина Ш,5,"Сводить гостей, детей, самим лишний раз вспомнить, в каком краю живём - отличный вариант! Очень экзотично, хорошо придумано, скульптуры красивые, их меняют, горки есть.",Опубликовано 5 ноября 2019 г.
Дальневосточный округ,Республика Саха (Якутия),Якутск,Развлечения в Якутске,Царство вечной мерзлоты,Олег М,5,"Царство вечной мерзлоты. Впечатлений хватит на долго! Снег свисающий кристаллами с разными узорами с потолка, ледяные фигуры вырезанные местными мастерами. Находясь в Якутске рекомендую обязательно посетить это место!!!",Опубликовано 11 декабря 2016 г.
Дальневосточный округ,Республика Саха (Якутия),Якутск,Развлечения в Якутске,Царство вечной мерзлоты,Розалия Г,4,"Отличное место, чтобы показывать его приезжим в нашу Республику, но немного смущает цена. Как раз попала с приезжими из Республики Тывы во время скидок, так как некоторые экспонаты ремонтировались, что и спасло положение.",Опубликовано 16 декабря 2015 г.
Дальневосточный округ,Республика Саха (Якутия),Якутск,Развлечения в Якутске,Царство вечной мерзлоты,Роман Н,5,"Царство вечной мерзлоты само название говорит за себя, зимой и летом холодно, это и понятно когда то здесь был стратегический ледник для города Якутска. После перестройки когда закончились продукты ледник опустел и нашлись люди которые нашли ему применение. В целом ничего особенного но интересно походить под землей в длинных туннелях, внутри из льда сделаны интересные фигуры есть и трон Снежной королевы) настроение прибавится гарантированно, впечатления положительные)",Опубликовано 11 марта 2018 г.
Дальневосточный округ,Республика Саха (Якутия),Якутск,Развлечения в Якутске,Царство вечной мерзлоты,Сардаана Ф,4,"Здесь можно было бы разбить целый тематический парк из ледовых скульптур, благо Якутия славится своими мастерами по резке льда. Можно было бы сделать специальные фотозоны на популярные темы. Расширить идею ледяного бара. Но как-то все очень плоско и однобоко. Оценка 4 только за уникальность места.",Опубликовано 23 апреля 2019 г.
Дальневосточный округ,Республика Саха (Якутия),Якутск,Развлечения в Якутске,Царство вечной мерзлоты,Света А,5,"Это не единственный музей такого рода. Аналогичный есть в г.Игарка (Красноярский край). Но этот музей более зрелищный. Здесь тебе и водочку предложат из ледяных рюмок со строганиной, и подсветка разная. Запоминающееся место",Опубликовано 2 сентября 2014 г.
Дальневосточный округ,Республика Саха (Якутия),Якутск,Развлечения в Якутске,Царство вечной мерзлоты,Сергей Oxie,4,"Даже не знаю, что отметить: столько отзывов, там практически всё сказано, Хотя...
1. Постарайтесь посетить не в составе группы и вообще чтоб народу внутри было поменьше.
2. Если идёте этим путём, то обязательно проверьте, открыты ли. На их сайт не полагайтесь, звоните.
3. За съёмку берётся отдельная плата, но экономить не нужно: там действительно красота внутри.
4. Ни паникуйте, если окажется, что выходная дверь ""закрыта на ключ"", Это просто она примёрзла к притолоке из-за разницы температур. Так что приложите крепкое усилие, и она откроется.
5. Мамонта там - увы! - больше нет. Но, может, это и к лучшему: говорят, он вонял страшно.
6. Внутри местами довольно скользко, так что ходите осторожно.
Общий вывод - кла-а-а-а-с!!! Рекомендуем! Только вот скульптуры нуждаются в подновлении: инеем покрыты, пооткололись кое-где, некоторые лампочки в подсветке не горят. Но это, конечно же, мелочи. Браво!",Опубликовано 2 ноября 2019 г.
Дальневосточный округ,Республика Саха (Якутия),Якутск,Развлечения в Якутске,Царство вечной мерзлоты,Сергей К,4,"С большим удовольствием посетили данный музей. Полагаю, это одно из наиболее интересных мест в Якутске для туристов. Рекомендую экскурсовода Елену- без неё было бы менее интересно. Вне сомнений, инициаторы молодцы! Но есть и рекомендации: 1. Ваши накидки ( со сломанными кнопками крепления!) почти не выполняют функцию утепления. Не поскупитесь: купите 20-30 удлиненных пуховиков! 2. Необходимо приобрести резиновые коврики: защитите людей от падения! 3.Войлочные боты систематезируйте по размерам. Моего 46-го размера так и не нашли! 4.С внешней стороны Ваш вход выглядит убого. Привлеките дизайнеров. 5. Музыкальное сопровождение слышно не везде. 6. Подсветку сделайте цветной и меняющейся (цветомузыка).
Но в целом, здорово!",Опубликовано 23 июля 2022 г.
Дальневосточный округ,Республика Саха (Якутия),Якутск,Развлечения в Якутске,Царство вечной мерзлоты,Сергей П,4,"Представляет из себя два длинных туннеля в горе, с боковыми ответвлениями, в которых стоят ледяные скульптуры и остатки мамонтов. Температура внутри около -10С.",Опубликовано 14 апреля 2016 г.
Дальневосточный округ,Республика Саха (Якутия),Якутск,Развлечения в Якутске,Царство вечной мерзлоты,Станислав С,5,"Очень впечатляет посещение царства вечной мерзлоты. Музей находится в пещере, внутри которой неизменная температура -7С (причем, это и летом в +40, и зимой в -50). Понимаешь, что вот так и жили когда-то в далеком прошлом наши предки на территории Якутии. Многочисленные ниши пещеры украшены тематическими ледяными фигурами. Потолок и стены покрыты неизменными снежными узорами.",Опубликовано 26 декабря 2016 г.
Дальневосточный округ,Республика Саха (Якутия),Якутск,Развлечения в Якутске,Царство вечной мерзлоты,Таня С,4,"Если суровый и беспощадный ветер перемен занес вас в Якутск, посетите это место обязательно! Ибо смотреть в Якутске особо нечего. Это ОЧЕНЬ красивое и необычное место. Идеально, если вы попадете туда летом в жару. Мириады искрящихся ледяных кристаллов и изумительная цветная подсветка, создают ощущение, что ты попал в сказку, в цветные сны. На меня царство вечной мерзлоты произвело отличное впечатление. Это длинные коридоры - тонели покрытые изморозью, подсвеченые цветными огняти, с тематическими ледяными комнатами. Там даже горка ледяная есть. Летом захватите с собой ледянку))). Красивые ледяные фигуры (я видела Жириновского! не знаю сколько он там простоит). Есть конечно поправки на Якутскую(Российскую) действительность. Где-то немного не доделано, где-то немного подтаяло.... Но если к мелочам не цепляться, удовольствие получите! Одевайтесь тепло, там действительно холодно!",
Дальневосточный округ,Республика Саха (Якутия),Якутск,Развлечения в Якутске,Царство вечной мерзлоты,Урмат Б,5,"Мне ооочень понравилось тут можно увидеть огромные кости мамонтов.
Только за вход 500 р брать с одного человека по моему дорого и без сопровождения ходить страшно оказывается",
Дальневосточный округ,Республика Саха (Якутия),Якутск,Развлечения в Якутске,Царство вечной мерзлоты,Юрий В,5,"Отличный туристический аттракцион в теле горы — где когда-то были склады государственного резерва. Ледяной трон, ледяные шахматы, ледяные рыбы с вмороженными в них карасями, ледяные скульптуры — и, разумеется, ледяная водка в стопках изо льда же.

Все это — при температуре -10. Летом вам выдадут термопальто, а вот зимой вы просто согреетесь, войдя сюда во всём своем с, к примеру, -35 на улице. И то, и другое — очень ценно.",Опубликовано 30 января 2017 г.
Дальневосточный округ,Республика Саха (Якутия),Якутск,Развлечения в Якутске,Царство вечной мерзлоты,Яков Заровняев,5,"Крещёнские морозы в территории Якутии стояли морозы - 65 градусов сельсия. И это оказалось одним из брендов для вьездного туризма в Республику. Было много иностранных туристов из стран Японии, Кореи, Китая. Одним из посещаемых мест было царство вечной мерзлоты, к стати внутри пещеры было тепло постоянная температура в пределах - 10 градусов",Опубликовано 22 января 2018 г.
Дальневосточный округ,Республика Саха (Якутия),Якутск,Развлечения в Якутске,Царство вечной мерзлоты,игорь л,5,"Это естественное подземное и очень холодное место. Посещение его днем и летом имеет самый большой эффект. Непросто так Вам выдадут теплую накидку, обувь по зимнему сезону и на голову убор. В горе увидите самую настоящую ""вечную мерзлоту"" изнутри. Холод обжигает. Прекрасно исполненные ледяные скульптуры и панно.Подсветка и музыка.....!!!",Опубликовано 25 августа 2017 г.
Дальневосточный округ,Республика Саха (Якутия),Якутск,Развлечения в Якутске,Царство вечной мерзлоты,мирон ш,3,Дороговато . Были в начале октября на улице - десять и в пещере так же. Лучше Сходить летом в Жару что бы почувствовать разницу.,Опубликовано 9 ноября 2016 г.
Дальневосточный округ,Республика Саха (Якутия),Якутск,Развлечения в Якутске,Царство вечной мерзлоты,надежда с,5,"Были там ходили. Детям интересно из лета в зиму входить.

Берите ссобой ковточки и рукавички а деткам шапки. Утепленные накидки и валенки дают. Но нужны к валенкам теплые носки еще",Опубликовано 25 апреля 2016 г.
Дальневосточный округ,Республика Саха (Якутия),Якутск,Развлечения в Якутске,Царство вечной мерзлоты,семья мухоплевых,5,все как в сказке а летом посещать царство очень прохлаждает. каждый кто бывает в якутске должен это место прсетить,Опубликовано 14 декабря 2022 г.
