zone,region,city,att_type,att_name,author,rating,comment,comment_date
Дальневосточный округ,Приморский край,Владивосток,Развлечения в Владивостоке,Океанариум Аквамир,0609_2013448,5,"Ни один гость города не пропустить расположенного в самом центре города Памятника. Три скульптурные группы установлены на основной площади , носящейся одноименное с памятником название Борцам за власть Советов. Прямо от памятника вверх от площади уходит главный проспект города- Океанский. Обязательно спуститесь пешком по нему от Центрального парка до площади, почувствуйте дух города и полюбуйтесь видом блестящих вод бухты Золотой Рог , силуэтом основной группы памятника , кораблей и видом Русского острова.",Опубликовано 28 января 2014 г.
Дальневосточный округ,Приморский край,Владивосток,Развлечения в Владивостоке,Океанариум Аквамир,310Natali,2,"говорили, что здесь сделали ремонт, но никакого ремонта нет, огромные проблемы с вентиляцией, в общем совершенно не стоит сюда ходить!",Опубликовано 19 августа 2015 г.
Дальневосточный округ,Приморский край,Владивосток,Развлечения в Владивостоке,Океанариум Аквамир,862VIP,4,"Отличное место! Правда показалось что слишком большой, дело в том что к середине пропадает особый интерес, а идти еще много, либо я в этом не был заинтересован.. В общем узнал много нового, увидел то чего похоже нигде не увижу! Советую идти не одному, на случай если станет скучно.",Опубликовано 27 марта 2014 г.
Дальневосточный округ,Приморский край,Владивосток,Развлечения в Владивостоке,Океанариум Аквамир,Aleksandr Z,3,"Посещаю его переодически когда показываю город друзьям из других городов. Для детей возможно аквариумы и интересны, а вот второй этаж скукотища для всех. За многие годы существования океанариума он тихо диградирует, но все равно интересно увидеть осетровых.",Опубликовано 28 июля 2016 г.
Дальневосточный округ,Приморский край,Владивосток,Развлечения в Владивостоке,Океанариум Аквамир,Alexey A,3,Детям понравится а вот взрослым думаю может и не очень из минусов только думаю что дорогая цена ... Но зато сможете посетить музей восковых фигур тамже либо покормить карпов,Опубликовано 5 июня 2015 г.
Дальневосточный округ,Приморский край,Владивосток,Развлечения в Владивостоке,Океанариум Аквамир,Alyonanek,3,"Экспозиция, в целом неплохая, два этажа, все подписано на русском языке, ходишь и смотришь все сам. площадь осмотра совсем небольшая. Вход за взрослого 300 руб, ребенок с пяти лет 150 руб. Дорого.",Опубликовано 18 марта 2015 г.
Дальневосточный округ,Приморский край,Владивосток,Развлечения в Владивостоке,Океанариум Аквамир,AnonimAnonimov,3,"Всё почти не изменилось с моего детства, по прежнему бедные рыбки плавают в неудобный аквариумах, билет 350 рублей, детям - бесплатно",Опубликовано 1 августа 2016 г.
Дальневосточный округ,Приморский край,Владивосток,Развлечения в Владивостоке,Океанариум Аквамир,Anton K,4,Сам по себе Владивосток удивительный город и есть достопримечательности которые необходимо посетить тем более что стоимость входного билета 250 взрослый 150 детский. Так как рядом морские возможности следовательно и разнообразие морепродуктов как и за пределами океанариуме очень большое !!! Всем удачи...,Опубликовано 3 января 2014 г.
Дальневосточный округ,Приморский край,Владивосток,Развлечения в Владивостоке,Океанариум Аквамир,BOGDAN K,4,"Вход - 250 рублей. На первом этаже из интересного - крокодил, краб, ну и множество рыбок. Особенно впечатляют огроменные осётры. Отдельный аквариум со злобной пираньей. На втором этаже понравилась коллекция ракушек. Довольно хорошее впечатление от посещения.",Опубликовано 23 октября 2013 г.
Дальневосточный округ,Приморский край,Владивосток,Развлечения в Владивостоке,Океанариум Аквамир,BeloeilSmith,1,"Мы проходили мимо и думали, почему нет. С первого внимания, когда вы проходите мимо деньги маленький горках и получаете сдачу, таким же образом, общее впечатление хватало любви, заботы и любви.Некоторые рыбы была явно слишком большой, был один или два мертвых и, ну, в целом, это просто не было хорошо. Даже первая достопримечательность - аллигатор, сидя в баке, не достаточно большой, чтобы втиснуть в сказке, он знает лучше, чем любой, что нужно. Закройте его, или, по крайней мере, переселите рыбу в среды обитатели, которых они заслуживают в баках, достаточно большие, чтобы положить их.Даже когда за угол мы познакомились с одного человека, не отличное, уборка ведро. Там воняло. Так почему это, когда профессиональные игра вокруг. Это имидж, которое я устраняю со мной. не рыба, но вонючий человек с волосатой грудью.",Перевод: PROMT
Дальневосточный округ,Приморский край,Владивосток,Развлечения в Владивостоке,Океанариум Аквамир,DTatyana,5,"Очень интересно детям, не достигшим подросткового возраста. Детям постарше хочется увидеть и дельфинов, и побольше акул. Билеты дорогие, но объясняется соседством с набережной. Там же можно приобрести сувенирную продукцию.",
Дальневосточный округ,Приморский край,Владивосток,Развлечения в Владивостоке,Океанариум Аквамир,DariaSK,3,"Океанариум небольшой, обойти его можно минут за 15-20. Билеты относительно недешевые, но побывать во Владивостоке и не посетить океанариум - было бы странно. Конечно, если сравнивать с Бангкоком, где находится 5-й по величине в мире океанариум, то наш проигрывает. Но надо понимать с чем сравнивать.",Опубликовано 6 мая 2013 г.
Дальневосточный округ,Приморский край,Владивосток,Развлечения в Владивостоке,Океанариум Аквамир,DigoDV,3,"Океанариум во Владивостоке небольшой, пора расширяться. Экспозиция не меняется годами. На втором этаже впечатляет чучело сома. Не дай бог оказаться в воде рядом с таким чудищем. Цена вопроса 250 р.",Опубликовано 26 января 2014 г.
Дальневосточный округ,Приморский край,Владивосток,Развлечения в Владивостоке,Океанариум Аквамир,Dragosteya,4,"Океанариум хороший и очень познавательный, к сожалению, со временем его территория только уменьшается, сдают в аренду площади всяким торговым точкам и аттракционам :(
Очень понравился большущий осьминог, красивые рыбы,на втором этаже расположена выставку эскопаемых. Но по-моему большинство экспонатов спрятана в хранилище, а ведь раньше они выставлялись и были доступны для просомтра посетителей :(",Опубликовано 27 марта 2014 г.
Дальневосточный округ,Приморский край,Владивосток,Развлечения в Владивостоке,Океанариум Аквамир,Ed1K2,1,"Такой убогой экспозиции ямы не видели нигде... Внутри здания имеются аквариумы с рыбками (некоторые не функционируют), описания на некоторых аквариумах не соответствуют его содержанию, а на других просто отсутствуют. Имеются чучела птиц, ракушки, заспиртованные моллюски и т.д. Самое удивительное, что почти все подписи на латыни, без обозначения на русском языке... Ещё поразили рукотворные ""скульптуры"" рыб... Видимо чтобы заполнить экспозицию... В общем, всё это производит удручающее впечатление, при всём при том, что это ""океанариум"" совсем недавно реставрировался... Вход - 350 руб. с человека. Карты к оплате не принимают. Аудиогида нет. Никакого гида нет.",Опубликовано 14 августа 2015 г.
Дальневосточный округ,Приморский край,Владивосток,Развлечения в Владивостоке,Океанариум Аквамир,Ekaterina1886,4,"Сам по себе океанариум небольшой, на первом этаже расположены аквариумы с разными рыбками и пресмыкающими, на втором этаже находятся чучела разных птиц и животных. С торца здания летом проходила высвтака бабочек. Каждый посетитель мог увидеть разнообразных бабочек, которые свободно летали и садились на людей.",Опубликовано 21 января 2014 г.
Дальневосточный округ,Приморский край,Владивосток,Развлечения в Владивостоке,Океанариум Аквамир,Elena S,4,"Из опыта посещения океанариумов, этот неплохой, сходить можно и нужно. Были мы и на Крите, и в Пекине в океанариуме, конечно там огромные, богатые и интересные они. Но этот из российских вполне достоин посещения. Богатый ассортимент, если так можно сказать, рыб живых, и на втором этаже разные виды морских жителей и их частей в сухом) виде.",Опубликовано 26 мая 2014 г.
Дальневосточный округ,Приморский край,Владивосток,Развлечения в Владивостоке,Океанариум Аквамир,FakiR777,3,"Блин! Восхититься нечем, кроме может быть белуг, плавающих по кругу. Ничего подобного океанариуму в Санкт-Петербурге даже близко. Понятно, что тягаться трудно, но оформление можно было бы сделать лучше.",Опубликовано 9 января 2014 г.
Дальневосточный округ,Приморский край,Владивосток,Развлечения в Владивостоке,Океанариум Аквамир,Gavrilov_Andrey,3,"В целом, неплохие впечатления от его посещение. Если вы были в больших океанаримумах, то интереса мало будет.",Опубликовано 25 мая 2015 г.
Дальневосточный округ,Приморский край,Владивосток,Развлечения в Владивостоке,Океанариум Аквамир,GeorgySemenov,4,"Первый океанариум. Место, где можно познакомиться со многими морскими и океанскими обитателями. Особенно весело там детям)",Опубликовано 31 мая 2017 г.
Дальневосточный округ,Приморский край,Владивосток,Развлечения в Владивостоке,Океанариум Аквамир,Ireeenka,5,"Небольшой океанариум, недалеко от набережной. Очень позновательно, и интересно. Но маловато.
Есть как аквариумы с разнообразными рыбами и небольними млекопитающими, так и засушенные чучела рыб, и даже ископаемые рыбы.",Опубликовано 29 июня 2014 г.
Дальневосточный округ,Приморский край,Владивосток,Развлечения в Владивостоке,Океанариум Аквамир,Irinalib,3,"Мы с мужем давно взрослые люди, но в океанариум сходили с удовольствием, на морских и речных обитателей можно любоваться, ими можно очаровываться: их разнообразию, их красоте и грации, замирать перед их близостью. Много интересного, огромный стеклянный туннель для калуги и осетра. Электронные экранчики с разнообразной информацией об обитателях аквариумов. Я была и в океанариуме на о. Русский, там, конечно, размах и объем площадей, но разнообразие и количество видов рыб на ул. Батарейной богаче. На втором этаже вообще музей с уникальными экспонатами, которые собирались многие годы. На о. Русском такого нет, там сплошь муляжи и бутафория. Хотя побывать гостям города стоит и там и там. Еще один плюс океанариума на ул. Батарейной в том, что он расположен в таком чудесном месте, на набережной, в центре города. Ему есть чем вас удивить. Я думаю, пытливый ум найдет себе пищу. Цена билета, правда, не порадовала - 350 руб. И еще налево от входа - музей восковых фигур",
Дальневосточный округ,Приморский край,Владивосток,Развлечения в Владивостоке,Океанариум Аквамир,JZeppelina,2,"Этот океанариум нуждается в серьезном ремонте. Также не все морские-океанские гады обозначены на табличках. Ракушки в сувенирном магазине совершенно не из тех местностей, что весьма печально. Учитывая то состояние, в котором этот океанариум находится, билет мог бы быть и подешевле.",Опубликовано 24 ноября 2015 г.
Дальневосточный округ,Приморский край,Владивосток,Развлечения в Владивостоке,Океанариум Аквамир,Joanne S,1,"Если честно, мы вошли, потому что было так холодно и снежно, и мы хотим где-нибудь тепло. Вместо кафе, почему бы не увидеть рыбу. Мы думали, что в одном городе может быть размещен только один аквариум, поэтому, не проводя никаких исследований, он не должен быть слишком плохим. Внутри было темно и мало. Вода и бак грязные. Некоторые рептилии пропали без вести.
С 400 на человека, мы бы предпочли провести это с кофе поблизости.",
Дальневосточный округ,Приморский край,Владивосток,Развлечения в Владивостоке,Океанариум Аквамир,Karina V,5,"Интересное место, для единоразового посещения, если вас интересует природа, реки, моря с их обитателями.",Опубликовано 28 февраля 2017 г.
Дальневосточный округ,Приморский край,Владивосток,Развлечения в Владивостоке,Океанариум Аквамир,Katki2013,4,"Как то не впечатлило данное заведение, билет недешёвый, 300 р, экспозиция не большая и выглядит как то изношенно все",Опубликовано 23 мая 2015 г.
Дальневосточный округ,Приморский край,Владивосток,Развлечения в Владивостоке,Океанариум Аквамир,Konstancio,5,"Океанариум очень небольшой, но коллекция аквариумов с рыбами очень красивая и интересная, а на втором этаже очень интересная коллекция чучел морских обитателей. В сентябре 2016 года на острове Русский открывается новый океанариум, который обещает быть одним из лучших в мире.",Опубликовано 15 сентября 2016 г.
Дальневосточный округ,Приморский край,Владивосток,Развлечения в Владивостоке,Океанариум Аквамир,Kseniia B,4,"Во Владивостоке достаточно маленький океанариум, но можно увидеть много мелких обитателей Японского моря. Цена приемлемая - 250 рублей, дети со скидкой - 150 рублей",Опубликовано 10 января 2014 г.
Дальневосточный округ,Приморский край,Владивосток,Развлечения в Владивостоке,Океанариум Аквамир,Leha E,4,"Понравилось всем, но быстро надоело, не каждому будет по душе целый день ходить и любоваться. Понравится только детям, идти туда в возрасте с парой не стоит. ИМХО",Опубликовано 18 января 2016 г.
Дальневосточный округ,Приморский край,Владивосток,Развлечения в Владивостоке,Океанариум Аквамир,Maire M,1,"Предыдущие отзывы сказали, что он маленький, но интересное, что я думаю, что это слишком, казалось, было слишком много рыб за ведро, и много воды в баках плохо пахло и очень грязный. Это стоит 350r, чтобы войти, и я не думаю, что это того стоит. Наверху ""Научная"" район полон фаршированных птиц в распадающемся состоянии.",Перевод: PROMT
Дальневосточный округ,Приморский край,Владивосток,Развлечения в Владивостоке,Океанариум Аквамир,Maksim M,4,"На не большой территории раскинулся водный мир Владивостока. Из удивительного - это размеры пресноводных рыб. Сначала подумал акула, а нет.",Опубликовано 21 марта 2014 г.
Дальневосточный округ,Приморский край,Владивосток,Развлечения в Владивостоке,Океанариум Аквамир,MaksimSokolov,4,"Океанариум посещал второй раз с ребенком, ничего не изменилось за прошедшие несколько лет. Первый раз был в день, когда увозили белух. Люли стояои и плакали. Если не задумаетесь о будущем, то и океанариум китайцам достанется!",Опубликовано 12 марта 2013 г.
Дальневосточный округ,Приморский край,Владивосток,Развлечения в Владивостоке,Океанариум Аквамир,Maslik-Alena,2,"Ничего не изменилось там со времен моего детства... Океанариумом назвать сложно, особенно если ты хоть раз был в данном заведении за границей. Мы забежали погреться с ребенком, гуляя по набережной. Тусклый свет создает атмосферу угнетающую мне кажется. Бедные рыбы в этих крохотных аквариумах. А на тех, что плавают по узкому кругу, так вообще смотреть больно. ВОт это жизнь! Не развернуться даже, хоть чтоб в другую сторону плыть. Что у них там внутри аквариума не ясно, но места им просто катастрофически не хватает, что вызывает тупо жалость.
Вход 350р, ребенок у меня 3,5 года прошел бесплатно.",Опубликовано 1 апреля 2016 г.
Дальневосточный округ,Приморский край,Владивосток,Развлечения в Владивостоке,Океанариум Аквамир,NLegion,5,"Классический океанариум, есть рептилии и прочие... Все активно двигались, выглядят сытыми и ухоженными",
Дальневосточный округ,Приморский край,Владивосток,Развлечения в Владивостоке,Океанариум Аквамир,Nastya_vlad,4,"Океанариум в достаточно печальном совковом состоянии. Хотя посмотреть все же есть на что. довольно интересно. Но если вы были в современных и по-настоящему красивых океанариумах, то лучше, наверное, и не ходить) если только с детьми...",Опубликовано 14 апреля 2016 г.
Дальневосточный округ,Приморский край,Владивосток,Развлечения в Владивостоке,Океанариум Аквамир,Nick S,4,"несомненно, что китайские, малазийские и даже тайские океанариумы больше и красивее. Они изначально создавались по всем правилам туристических объектов, в то время как наш - классический морской музей, как он и задумывался в 90-е.
Несомненно, что обновление фасада и реконструкция значительно улучшили его облик, важно и то, что сам по себе океанариум является обязательным атрибутом любого серьезного туристического и культурного центра. Это радует.
Мы были в океанариуме большой компанией, с детьми, и конечно все были в восторге от осетровых, кружащих в центре зала, от большого осьминога и каракатиц, но дети, у которых оказался фотоаппарат, как потом выяснилось пересняли всю экспозицию музея, с его экспонатами))
Цена билета невысока (вроде бы около 300 р.), к тому же, учреждение стало активно включаться в программы, по которым предлагаются скидки на посещение.
Остается надеяться, что задуманный на Русском океанариум учтет весь опыт этого и будет сделан качественно и красиво.",Опубликовано 4 октября 2014 г.
Дальневосточный округ,Приморский край,Владивосток,Развлечения в Владивостоке,Океанариум Аквамир,OLiya У,3,"Океанариум не очень большой, особо и не затратишь времени на просмотр. Хотя, если это в первый раз,возможно,впечатлит новичков. Были давно,может быть,что-то изменилось.",Опубликовано 4 мая 2015 г.
Дальневосточный округ,Приморский край,Владивосток,Развлечения в Владивостоке,Океанариум Аквамир,Oleg6510,3,"Слово океанариум слишком громкое для этой аквариальной. Но в целом посещение людей, у которых в городе нет таких заведений будет полезным и скрасит это время.",Опубликовано 6 июля 2015 г.
Дальневосточный округ,Приморский край,Владивосток,Развлечения в Владивостоке,Океанариум Аквамир,Olyawhale,1,"Жалко рыбу стало, условия у них не лучшие на вид, не везде есть надписи о рыбах в аквариуме. Старый и дорогой океанариум.",Опубликовано 23 апреля 2014 г.
Дальневосточный округ,Приморский край,Владивосток,Развлечения в Владивостоке,Океанариум Аквамир,Pavel_Chepurkov,2,"В Океанариуме я был несколько раз, и каждый раз с промежутком в 5 - 10 лет. И в каждое посещения я видел одни и те же макеты, одни и те же аквариумы, одни и те же экспонаты. Вот только живности каждый раз становилось меньше. Возможно в юности в советском союзе это и производило впечатление, но сейчас посмотрев океанариумы в других странах, я понял что Владивостокский океанариум уныл, сер и скучен. Мне было бы стыдно приглосить в него иностранцев которых я иногда экскурсирую по Владивостоку",Опубликовано 26 марта 2013 г.
Дальневосточный округ,Приморский край,Владивосток,Развлечения в Владивостоке,Океанариум Аквамир,PazzaB,1,"Очень скудный и плохой интерьер. Плохая особая выставка подводной флоры и фауны... Невоспитанное поведение персонала. Есть кофеварки возле туалета и в том же месте рядом с туалета, чтобы выпить вас бронируйте его (был шаг шагах стреляющий - прямо на месте! ). Администратор отсутствующий, все работает месте все время. Все развлечения нацеливались на торговлю океанария, продажу сувениров с фантастическими ценами. Извините за деньги, потратить время, и это подпортило сувенирный магазин скотный рабочего настроения",
Дальневосточный округ,Приморский край,Владивосток,Развлечения в Владивостоке,Океанариум Аквамир,Petrovich55,5,"Был здесь с дочкой 4х лет, не мог остановить только и было слышно папа мосмотри это ...... а это ..... особенно поразил огомный аквариум с осетровыми, решили сходить еще так как уверен ноловину экспонатов пробежали.",Опубликовано 1 марта 2014 г.
Дальневосточный округ,Приморский край,Владивосток,Развлечения в Владивостоке,Океанариум Аквамир,PhilipBALL,2,"Это аквариум, но маленький нравится аквариум. Без особенным рыбам внутри, и всего лишь не нужен около 5-10 минут, чтобы обойти весь.350 рублей на взрослого.Может быть это самый маленький аквариум в мире.",
Дальневосточный округ,Приморский край,Владивосток,Развлечения в Владивостоке,Океанариум Аквамир,Primorskiy,2,"Чувство укачивание не покидает даже еще полчаса после выхода (морской болезнью не болею) СОВОК - вот это общая оценка этого океанариума. Печаль и разочарование - чувство и настроение соответствующие посещению. Радость - после выхода- жизнь продолжается. Ровно на один раз. Ожидание, что новый океанариум будет лучше.",Опубликовано 17 января 2014 г.
Дальневосточный округ,Приморский край,Владивосток,Развлечения в Владивостоке,Океанариум Аквамир,RK3006,2,"Я до многих аквариумам и, к сожалению, это, вероятно, худший я к. Это стоит примерно 7.50 долларов на человека, чтобы войти и если вы не свое время, то вы, вероятно, провели бы максимум в час там...Вы платите в мертвый кассире напротив здания, который дает вам квитанцию, что они просто снимают вас, как только вы входите, возможно, приблизительно 30 резервуаров с другой рыбой в них, которые действительно не описано на русском языке, не говоря уже о на английском языке. Выставки рыбы не очень хорошие, и все это место очень темное внутри. Кажется, нет ничего в нем, что делает его особенном стоит посещения.Есть музей некоторые лестница с примерами пляжных разновидностей и есть 4 магазина, продающие разные блюда, что для маленького аквариума - это просто смешно, fells как аквариум потратил больше денег на магазины, чем он есть на рыбы.Мой вид - то, что есть дела увидеть во Владивостоке, поэтому, если вы не попадаете сразу нечего делать, и им, то я бы не стал прилагать усилия, чтобы поехать туда.",
Дальневосточный округ,Приморский край,Владивосток,Развлечения в Владивостоке,Океанариум Аквамир,Ribka,1,"Многие смотрю добавили сюда ошибочные фото с другого океанариума с острова Русский!!! Это про океанариум на набережной, старый, маленький и отвратительный!! смотрите внимательней место расположения прежде чем писать отзывы!!!",Опубликовано 3 октября 2016 г.
Дальневосточный округ,Приморский край,Владивосток,Развлечения в Владивостоке,Океанариум Аквамир,SANVkhv,3,"Сходить конечно сходите, тем более если с детьми. Но в целом и виды не те и рыбёшек маловато. Но возможно сейчас туда не вкладываются, тк планируется открытие огромного океанариума на о Русский.",Опубликовано 5 декабря 2014 г.
Дальневосточный округ,Приморский край,Владивосток,Развлечения в Владивостоке,Океанариум Аквамир,Sardana U,5,"Я просто в восторге! Ты погружаешься в водный мир, отдыхаешь душой и узнаешь много нового. Вначале мы заинтересовались осьминогом, он такой красивый оказывается! А дальше - больше. Огромные рыбы, медленно плывущие в воде, страшные пираньи, которых помним по фильмам, маленькие, забавные водные черепашечки... сходите, это круто!",Опубликовано 10 декабря 2015 г.
Дальневосточный округ,Приморский край,Владивосток,Развлечения в Владивостоке,Океанариум Аквамир,Sergei F,1,"Закройте данное помещение и не позарьтесь, все на столько убого стало что аж обидно. Старый ремонт, заходишь как будто в машину времени, на улице 21век, а в океанариуме 20,",Опубликовано 10 марта 2017 г.
Дальневосточный округ,Приморский край,Владивосток,Развлечения в Владивостоке,Океанариум Аквамир,Sergey R,5,"Начитались отзывов и хотели не посещать это место, но все-таки решились, и не зря!!! Место замечательное, цена приемлемая, дети, да и мы тоже остались в восторге. Все рассказали, показали. Обязательно приедем ещё сюда. Спасибо за проведенную экскурсию Сергей Ивановичу!",Опубликовано 29 марта 2021 г.
Дальневосточный округ,Приморский край,Владивосток,Развлечения в Владивостоке,Океанариум Аквамир,Serh50,3,"Здание небольшое, как и аквариумы. Примерно тоже, что и в Сочи в Дендрариуме. Для слова Океанариум я ожидал большего количества океанских рыб, а так обычный набор.",Опубликовано 29 августа 2014 г.
Дальневосточный округ,Приморский край,Владивосток,Развлечения в Владивостоке,Океанариум Аквамир,Stepan A,3,"Посетили с семьей океанариум г.Владивостока после того как побывали в нескольких Азиатских океанариумах, сравнивать не приходится... хотя с детьми, для общего развития рекомендую посетить данное заведение.",Опубликовано 27 октября 2014 г.
Дальневосточный округ,Приморский край,Владивосток,Развлечения в Владивостоке,Океанариум Аквамир,Sviol,2,"Этот океанариум давно требовал реставрации, а после открытия нового на о. Русском все больше приходит в упадок(( Не знаю как сейчас, но даже продажа билетов по безналу в прошлом году не работала. А ведь здесь есть и яркие тропические рыбки, и огромные осетры в циллиндрическом аквариуме, и чучела морских животных и птиц, и учебные мероприятия для школьников. Но помещение небольшое, темноватое и требующее основательной переделки (как впрочем и практически вся Набережная) или даже смены направления деятельности, ведь это здание находится в самом прогулочном месте города.",Опубликовано 12 мая 2018 г.
Дальневосточный округ,Приморский край,Владивосток,Развлечения в Владивостоке,Океанариум Аквамир,Svitlana,2,"Данный ""океанариум"" должен называться Аквариум ""Аквамир"" и плата за вход вдвое дешевле должна быть. Самые обыкновенные рыбки ( за исключением больших осетров ), экспозиция мала и скудна плюс небольшой террариум , состоящий из крокодила, двух змей и пяти ящериц. Таких аквариумов почти в каждом городеможно найти , но дешевле и приятнее обстановка. Извините , конечно , но разочарование полное - грязные стекла, нет табличек ( либо находятся сбоку и в темноте невозможно прочесть названия рыб, унылые декорации и пустые аквариумы , занавешаны проходы ( где видимо складируют что-то ).. туалет это вообще просто Позор ! Дорогой магазин- лавка , в котором сидит хамоватая продавец. Вобщем после посещения этого места неприятный осадок . Весь осмотр экспозиции занял 20 минут максимум , настолько мала она .Коль уж назвались ""океанариумом "" - приведите в соответствие это заведение . Я не советую никому здесь тратить деньги , а лучше добавить и посетить океанариум на о.Русский - он достойный и дарит массу приятных впечатлений .",Опубликовано 16 июля 2020 г.
Дальневосточный округ,Приморский край,Владивосток,Развлечения в Владивостоке,Океанариум Аквамир,TATIANA K,5,"Океанариум находится на Спортивной набережной, здание очень приметное. Стоимость билетов для взрослых 250 рублей,детям 150 рублей. Работает без выходных.
Очень большое разнообразие рыб и морских гадов, есть даже крокодил. На втором этаже морской музей разных сушеных и заспиртованных морских жителей, даже есть китовые вши. В такие места очень интересно и познавательно ходить с детьми, да и взрослым очень интересно.
Рядом с океанариумом есть небольшой парк аттракционов, рестораны.",Опубликовано 16 декабря 2013 г.
Дальневосточный округ,Приморский край,Владивосток,Развлечения в Владивостоке,Океанариум Аквамир,Tatyana5011,3,"Мы с мужем жители Владивостока, родились и выросли в этом городе, океанариум построился и заработал на наших глазах, сюда мы гордо водили своих детей и гостей города...не были 2 года, в последний раз шла какая то реконструкция с лева, там где была диарама птичий базар с моржами и морскими котиками....радостно подумали, что будет свежая красивая панорама, а ....вчера увидели на этом месте бутики....и везде одни бутики, просто не океанариум, а торговый дом......прям плакать хотелось от скудности экспозиций....куда делись дивные тропические рыбки? Аквариум с актиниями почти пуст....какая была красотища!( Куда делось столько интересных рыб и представителей океанов? Продали в частные аквариумы или все это богатство погибло? Зияющие пустые аквариумы....как разрушенные дома....",Опубликовано 31 марта 2013 г.
Дальневосточный округ,Приморский край,Владивосток,Развлечения в Владивостоке,Океанариум Аквамир,Tokaev,4,Забрели сюда случайно но очень понравилось и нисколько не пожалели! В разных аквариумах много всякой живности.За час или полтора можно все не спеша посмотреть.Я считаю что фотоаппарат тащить в этот музей не стоит но это мое мнение. В любом случае это интересная достопримечательность Владивостока!,
Дальневосточный округ,Приморский край,Владивосток,Развлечения в Владивостоке,Океанариум Аквамир,VIK237,4,"Повезет, если придете к кормлению. Очень интересно посмотреть. В большом зале довольно темно, да и стекла запотевают, фотографии получаются не очень. Но детям нравится, да и взрослым любопытно.",Опубликовано 16 июля 2014 г.
Дальневосточный округ,Приморский край,Владивосток,Развлечения в Владивостоке,Океанариум Аквамир,Vasin_official,2,"Посетили семьей (Жена, я и маленький ребенок 1 годик и 3 месяца) океанариум. Если честно, то были разочарованы. Несмотря на близость к морю и, по идее, к морским обитателям, большинство экспонатов пластмассовые. Кол-во рыбок, черепашек и т.д. очень маленькое.

Вдоль и поперек обойти можно всё за 30 минут.

Вывод: если Вам доводилось посещать любой другой океанариум, то в данном месте Вы вряд ли откроете для себя что - нибудь новое.",Опубликовано 24 октября 2014 г.
Дальневосточный округ,Приморский край,Владивосток,Развлечения в Владивостоке,Океанариум Аквамир,Vitabelka,1,"Простые аквариумы, в трети плавают обычные рыбы (форель радужная и т.п.). В центре в круговом аквариуме, в котором нет ничего, кроме воды, плавают огромный осетр и тунец. Неприятное зрелище.
Нет даже осьминога.
На втором этаже жуткая пыльная коллекция заспиртованных червей, засушенных креветок и чучел птиц и животных...
Это худшее место, которое мы посетили во Владивостоке. Не тратьте время и деньги...
В магазине при океанариуме рыбки гораздо красивее и интереснее, там и скат, и рыбки клоуны (из мультика Немо) и еще много интересного))) при этом совершенно бесплатно )",Опубликовано 15 апреля 2016 г.
Дальневосточный округ,Приморский край,Владивосток,Развлечения в Владивостоке,Океанариум Аквамир,VitekKalugin,3,"Интересное место, есть на что посмотреть, особенно для детей, но как-то темнова-то на первом этаже, что даже толком некоторых рыбок не рассмотреть.",Опубликовано 29 августа 2016 г.
Дальневосточный округ,Приморский край,Владивосток,Развлечения в Владивостоке,Океанариум Аквамир,Vovka-dobraya_dusha,5,"то что касается аквариумов, без сомнения проигрывает по подаче Бангкоку, Барселоне, да, даже Калиниграду, выигрывая разве что у ""аквариума"" Эль Гуны. зато диковинных рыб и видов фауны, пожалуй, тут даже побольше, можно увидеть, например, того же ""зевающего"" уссурийского осетра или дальневосточного краба в боевой стойке. ну, сделайте более внятные, расположеные на удобной высоте и подсвеченые таблички с подписями - этоже совсем не сложно.
труды работ научных сотрудников по исследованию мира обитателей океана на втором этаже экспозиции, конечно, впечатляют. собрана очень внушительная коллекция.
может быть, чуть-чуть не хватает современных технологий: интерактива, мультимедии и прочих wi-fi, хотя и камень с надписью ""не брать"" в кассе тоже может повеселить посетителей",Опубликовано 12 марта 2013 г.
Дальневосточный округ,Приморский край,Владивосток,Развлечения в Владивостоке,Океанариум Аквамир,Yulya199,5,океанариум отличное место для посещения с детьми но цена завышена . Но побывав во Владивостоке и не посетить это не возможно .,Опубликовано 14 августа 2015 г.
Дальневосточный округ,Приморский край,Владивосток,Развлечения в Владивостоке,Океанариум Аквамир,Yury M,4,"Океанариум достаточно небольшой, но интересный. В нем собраны основные представители морской флоры и фауны, обитающие в Японском море. Есть и очень крупные экземпляры. Океанариум расположен недалеко от центральной набережной Владивостока, поэтому при ее посещении целесообразно зайти и в океанариум. Рекомендуется посетить вместе с детьми.",Опубликовано 9 августа 2014 г.
Дальневосточный округ,Приморский край,Владивосток,Развлечения в Владивостоке,Океанариум Аквамир,Zakhar K,4,"Ходил туда с родителями, мне понравилось. Много рыбок, есть на что посмотреть) Особенно впечатлили огромные сомы. Моей сестренке очень понравилось)",Опубликовано 14 января 2016 г.
Дальневосточный округ,Приморский край,Владивосток,Развлечения в Владивостоке,Океанариум Аквамир,adm1916,5,"Находится рядом с парком культуры и отдыха ""Карусель"" на набережной. Очень большое разнообразие морских обитателей. Рядом с аквариумом краткое описание обитателей. На вторм этаже размещен музей. Советую не торопится, внимательно рассматривать кто находится в аквариумах, потому что когда подходишь не сразу рассмотришь. Посещение платное. Не пожалеете. Бывают дополнительные выставки, например бабочек.",Опубликовано 1 января 2014 г.
Дальневосточный округ,Приморский край,Владивосток,Развлечения в Владивостоке,Океанариум Аквамир,alexxx1993,4,"Находится на всеми любимой городской набережной. Как водится в океанариумах, там присутствует большое разнообразие не только рыб, но и других обитателей морей и океанов. Сходить стоит, особенно с детьми, которым будет интересно и забавно вдвойне)",Опубликовано 13 июня 2014 г.
Дальневосточный округ,Приморский край,Владивосток,Развлечения в Владивостоке,Океанариум Аквамир,b_firuza_n,3,"В целом неплохо, но ожидала большего. Несколько залов, рыбки от мало до велика. Цена если не изменяет память в районе 200-300 рублей. Не понравилось освещение, особенно что касается больших рыб. Понравился аквариум с огромными осетрами. На втором этаже музей. на первый этаж уйдет не более 15 минут ну и второй этаж займет примерно столько же, если вы конечно же не будете углубляться в изучение скелетиков.",
Дальневосточный округ,Приморский край,Владивосток,Развлечения в Владивостоке,Океанариум Аквамир,cinephil,4,"Ждём скорого открытия (летом 2014?) нового, настоящего океанариума на о.Русский. А пока то, что есть. 300 руб. за вход - это многовато, хотя удовольствие того стоит. На первом этаже обращают внимание гигантские амурские осётры - точно акулы какие-нибудь. Стоит памятник исчезнувшей морской корове. На 2-ом этаже - какая-то натуральная кунсткамера, где собраны эмбрионы акул, моржа, гербарий водорослей...не думаю, что всем это будут приятно смотреть, но для кругозора более чем достаточно. На выходе можно купить понравившихся рыбок, комбикорма, разл.аква-прибамбасы и аквариумы.",Опубликовано 8 мая 2014 г.
Дальневосточный округ,Приморский край,Владивосток,Развлечения в Владивостоке,Океанариум Аквамир,derzkaya_vip,5,"ездила с дочкой (4 года), ей очень понравилось, экспонаты рыбок, морских котиков черепашки и прочая живность. на выходе нам подарили магнитик - милота",Опубликовано 23 декабря 2013 г.
Дальневосточный округ,Приморский край,Владивосток,Развлечения в Владивостоке,Океанариум Аквамир,djon27,4,"Маленькая коллекция живых рыб, поразили только калуги в большом аквариуме. Очень душно в помещениях, думаю вентиляция там вообще не работает, к концу посещения даже стало немного плохо.",Опубликовано 1 февраля 2016 г.
Дальневосточный округ,Приморский край,Владивосток,Развлечения в Владивостоке,Океанариум Аквамир,dmitryrus2016,3,"Мало рыб. Мало, что поражает. Если только акулы. С детьми идти стоит. Но если ты уже взрослый и был где-нибудь за границей в океанариумах, то этот не впечатлит. Сувениры дорогущие.",Опубликовано 15 марта 2016 г.
Дальневосточный округ,Приморский край,Владивосток,Развлечения в Владивостоке,Океанариум Аквамир,elena200975,4,"Впечатлений особых нет, на первом этаже большие аквариумы, есть даже крокодильчик, но помещение какое-то темное, небольшое. Второй этаж муляжи разные, чучела морских животных. Мое мнение , посетить этот океанариум одного раза достаточно.",Опубликовано 13 сентября 2016 г.
Дальневосточный округ,Приморский край,Владивосток,Развлечения в Владивостоке,Океанариум Аквамир,elenaf75,4,"Потрясли тюлени, порадовали еноты дручуны, но очень душно. Бедные измученые животные, в которых вечно тыкают, видела в интернете смешную картинку-фотографию. а ведь это и правда наклеено на стекле животных в этом океанариуме. Есть там такое место, где открытый аквариум, хорошо хоть не пытаются никого там поймать и выкинуть туда ничего. Там мило и даже чуточку романтично, но жутко дорого",Опубликовано 17 апреля 2013 г.
Дальневосточный округ,Приморский край,Владивосток,Развлечения в Владивостоке,Океанариум Аквамир,ggoleon,4,"Новый океанариум наполнен не только рыбами и другими жителями океана. Он полон новых технологий которые дают возможность по новому воспринимать Океанариумы. Не смотря на сложности в покупке билета и высокие цены рекомендую потратить 2-3 часа своей жизни и получить море впечатлений, знаний и просто удовольствия.",
Дальневосточный округ,Приморский край,Владивосток,Развлечения в Владивостоке,Океанариум Аквамир,ikar1953,3,"Думаю, это будет интересно детям младшего возраста. В большом аквариуме пара осетров, остальное - аквариумные рыбки.",Опубликовано 29 сентября 2017 г.
Дальневосточный округ,Приморский край,Владивосток,Развлечения в Владивостоке,Океанариум Аквамир,kajser27,3,"Это располагается в центре города около Стадиона и Крепости. Входная плата в размере 250 рублей.Персонал, не настолько доброжелательный, но насколько я видел, это - российский путь. Океанарий не очень большой, и вестибюль довольно паршивый, больше сувенирных магазинов (драгоценности даже), чем выставки. Но у главного зала есть некоторый довольно интересный материал, который я никогда не видел прежде, такие как кит, акула и запечатываю яйца и эмбрионы. Так же как некоторые красивые странно большие крабы я не хотел бы встречаться. И резервуар с довольно большим kalugas и осетрами.В целом, не очень, но если у вас есть час, чтобы убить, почему бы не потратить его здесь.",Перевод: PROMT
Дальневосточный округ,Приморский край,Владивосток,Развлечения в Владивостоке,Океанариум Аквамир,kotyshev68,4,"Само по себе место интересное, но на один раз!!! Даже через пару лет нет изменений , либо они не значительные и незаметные для посетителей . Один раз ребенка погулять , пойдет))))",Опубликовано 25 февраля 2014 г.
Дальневосточный округ,Приморский край,Владивосток,Развлечения в Владивостоке,Океанариум Аквамир,kseniy_fedorov,3,"Ожидала от Владивостокского океанариума намного больше! для города расположенного в стихии воды, океанариум уж очень обыкновенный! маленький и ничем не примечательный!намного интереснее на дне амурского залива, если понырять с маской!",Опубликовано 5 октября 2014 г.
Дальневосточный округ,Приморский край,Владивосток,Развлечения в Владивостоке,Океанариум Аквамир,olga_grivanova,4,"Хорошее место для посещения с детьми.Океанариум небольшой, но познавательный.Обязательно посетите его во время прогулки по набережной.Приятных впечатлений!",Опубликовано 1 февраля 2014 г.
Дальневосточный округ,Приморский край,Владивосток,Развлечения в Владивостоке,Океанариум Аквамир,panas2009,1,"Это не стоит вообще таких кошмарных денег, которые просят на входе.
Более того, насколько мало там экспонатов, что обалдеть можно!
Куда больше океанариум на острове Русском! Этот океанариум надо точно закрывать!",Опубликовано 22 апреля 2019 г.
Дальневосточный округ,Приморский край,Владивосток,Развлечения в Владивостоке,Океанариум Аквамир,sunshine_gold,5,"Океанариум находится в центре города на набережной. Для детей на мой взгляд это лучшее место развлечений. Множество рыб и морских жителей, на которых интересно взглянуть даже взрослым. Он не очень большой по территории.",Опубликовано 27 марта 2014 г.
Дальневосточный округ,Приморский край,Владивосток,Развлечения в Владивостоке,Океанариум Аквамир,travelsofchris,2,"Во всей честности мы дали этому визит, основываясь на близких постоянно плохих отзывов об этом отеле (конечно, это не могло быть Таким плохим? ) Я жалею, что это действительно был очень плохим.Должно быть, проходило своего рода ремонт, потому что у нас в отеле, кажется, был доступ в лобби, вторичному номер в задней части отеля и коридору наверху, который был наполовину пуст.lowlight был баком различными крокодила, который был настолько мал, крокодил пришлось обернуть хвост вокруг себя. Сувенирный магазин был больше, чем ведро крокодила. Другие резервуары было рыбу, что мы были уверены, были мертвы. Вода в основном была грязной. Были крошечные баки, наши одну большую рыбу, которые были такими маленькими, рыба, не могли переехать в них и другие огромные баки, наши несколько золотых рыбок. Коридор рептилии вообще был лучшим состояние, хотя наполовину закрылся на 'ремонт' (мы не видели никаких доказательств нет настоящей работы, потягивая место).Персонал на входной двери был довольно дружелюбным (хотя персонал превзошел все посетителей - мы были единственными людьми там в течение всех 45 минут, что мы там были). Я поставила 2 звезды кстати, потому что это было ужасно, это был вид приятных.Вход составлял 350 рублей.",Перевод: PROMT
Дальневосточный округ,Приморский край,Владивосток,Развлечения в Владивостоке,Океанариум Аквамир,wiktorina,5,"Очеень нравиться.Раньше конечно больше людей ходило.Но с каждым разом все меньше и меньше.Приятно посещать такие места.Хотелося конечно же чтоб было побольше рыбок,но пока радуемся тем что есть.Особенно кракодилом,который постоянно спит.Ахаха)Приходите,понравиться)",Опубликовано 7 января 2014 г.
Дальневосточный округ,Приморский край,Владивосток,Развлечения в Владивостоке,Океанариум Аквамир,Александр А,3,"можно убить время но до уровня заграничных океанариумов не дотягивает. экспозиции бедноваты, экземпляров маловато, в общем все сделано на среднем уровне для семейных пар с детишками.",Опубликовано 10 июня 2014 г.
Дальневосточный округ,Приморский край,Владивосток,Развлечения в Владивостоке,Океанариум Аквамир,Александр В,3,"В целом надо отдать должное персоналу за работу по поддержанию на должном уровне экспозиций. Смотреть надо все и чем больше тем лучше- иначе вас ждет дом2. Жду открытие нового ОКЕАНАРИУМА и поверьте там будет что посмотреть. Хорошая задумка и жителям Владивостока и приморья повезло , что у них скоро появится очередное место где душа будет радоваться в том числе и за нашу страну!",Опубликовано 11 июля 2015 г.
Дальневосточный округ,Приморский край,Владивосток,Развлечения в Владивостоке,Океанариум Аквамир,Алёна П,4,"Одно из самых интересных мест во Владивостоке. В большом зале открывается панорама на огромный аквариум в котором живут гигантские рыбки (осётр, карп и пр.), а разнообразных глубоководной фауны пугает и восхищает. Обязательное место для посещения семьей или компанией друзей, для общего развития и получения непередаваемых ощущений. Ставлю хорошо, жаль что нет галереи с видом в настоящее море, а ведь оно так близко.",Опубликовано 10 декабря 2014 г.
Дальневосточный округ,Приморский край,Владивосток,Развлечения в Владивостоке,Океанариум Аквамир,Анжелика Т,5,"Отлично, жалко не попали в дельфинариум. От остановки до самого океанариуму ходит автобус, что очень удобно, когда на улице жара. Есть где погулять.",
Дальневосточный округ,Приморский край,Владивосток,Развлечения в Владивостоке,Океанариум Аквамир,Арсен Бугулов,2,"Цена билета не дешевая, а смотреть по сути не чего. Пару маленьких аквариумов, помещение маленькое при большом скоплении людей ходить не возможно, а к экспонатом и вовсе не подобраться. Можно сходить максимум один раз, больше там делать нечего.",Опубликовано 10 декабря 2014 г.
Дальневосточный округ,Приморский край,Владивосток,Развлечения в Владивостоке,Океанариум Аквамир,Артем Ч,2,"Если честно, то с таким же успехом можно сходить в зоомагазин и при этом бесплатно. Билет не оправданно дорогой. Помимо огромных стерлядей в центре зала и еще пары раб смотреть просто не на кого. А стерлядь просто жалко: Аквариум круглый, в центре то ли труб, то ли еще что то. В итоге бедные рыбы просто плавают изо дня в день по кругу в одном направлении так что им даже не развернуться из за их размера.",Опубликовано 18 октября 2015 г.
Дальневосточный округ,Приморский край,Владивосток,Развлечения в Владивостоке,Океанариум Аквамир,Владимир Щ,3,"Был почти сразу после открытия океанариума. Рыб и животных мало, зато много стендов, муляжей, видеофильмов. По-видимому, пока идет разработка и отладка. по сравнению с заграничными, пока проигрывает.",Опубликовано 10 декабря 2016 г.
Дальневосточный округ,Приморский край,Владивосток,Развлечения в Владивостоке,Океанариум Аквамир,Галина А,4,Хорошее место для прогулок семьей и с друзьями. Повидала много морских гадов. Понравились заспиртованные змеи в банке и круговой аквариум с осетрами. Не понравилась женщина Билетёр - очень неприветливая.,Опубликовано 7 сентября 2016 г.
Дальневосточный округ,Приморский край,Владивосток,Развлечения в Владивостоке,Океанариум Аквамир,Дмитрий Ф,4,"Очень полезное как с научной так и с любительской точки зрения место. Здесь можно провести не один час изучая, любуясь чудесами океанов и морей.",Опубликовано 23 марта 2014 г.
Дальневосточный округ,Приморский край,Владивосток,Развлечения в Владивостоке,Океанариум Аквамир,Евгения Пермякова,5,"Были на Дне Рыбака на Спортивной Набережной. Решили показать детям Океанариум.
Очень изменился! Добавилась выставка Рептилий - очень круто))
Интересные рыбки - красивые, большие и маленькие, местные и тропические.
Все довольны! Отлично провели время с семьей!",Опубликовано 14 июля 2019 г.
Дальневосточный округ,Приморский край,Владивосток,Развлечения в Владивостоке,Океанариум Аквамир,Екатерина Д,3,"За год посетили с ребенком два раза, ему конечно интересно и ходилис удовольствием, тем более что на втором этаже есть музей. Но если сравнивать с ОКЕАНАРИУМАМИ, то это я не знаю как назвать.... Хотя аквариум с осетрами интересный. А так на все уходит 15 мин максимум с остановкой в лавке каких то бессмысленных безделушек. Вот если совсем нечего делать то сходить можно, хотя если не ходить ничего не потеряешь",Опубликовано 18 июля 2013 г.
Дальневосточный округ,Приморский край,Владивосток,Развлечения в Владивостоке,Океанариум Аквамир,Иван Макаров,4,"Интересное место. Удобно расположено в районе где можно погулять, поесть в кафешках и сходить с детьми в парк с качелями. В Океанариуме много рыб, рептилий, змей. Особенно понравились экзотические рыбки, крокодил, осьминог, огромные осетровые.",Опубликовано 14 июля 2019 г.
Дальневосточный округ,Приморский край,Владивосток,Развлечения в Владивостоке,Океанариум Аквамир,Игорь И,3,"В целом неплохая экспозиция. Здание и все стенды сильно нуждаются в ремонте. Экспозиция не большая. Хотелось бы увидеть больше видов крупных животных, хищников и прочих.",Опубликовано 30 декабря 2015 г.
Дальневосточный округ,Приморский край,Владивосток,Развлечения в Владивостоке,Океанариум Аквамир,Игорь Н,3,"Можно посмотреть всякую живность, но только один, максимум два раза. Скучновато..рыбки побитые, смотреть мало, но в условиях ограниченного времени можно.",Опубликовано 2 сентября 2017 г.
Дальневосточный округ,Приморский край,Владивосток,Развлечения в Владивостоке,Океанариум Аквамир,Кира К,3,"Увы, в крутой океанариум на острове Русский мы поехать не смогли... Пришлось посетить этот ))
Ничего особенного. Маленький... Темный... Черепашки... Гигантские сазаны... А на втором этаже что-то вроде музея с позвонками китов и заспиртованными зародышами всяких нерп...
Внутри еще есть магазин сувениров... Довольно неплохой, если вам нужны магнитики, или что-то в этом роде...
Стоимость - кажется 350. Слишком дорого. Но нам все равно было некуда идти )) Заходили всюду, куда можно было ))

Скат на фото - пожалуй, самое симпатичное существо в Океанариуме.",Опубликовано 16 сентября 2016 г.
Дальневосточный округ,Приморский край,Владивосток,Развлечения в Владивостоке,Океанариум Аквамир,Константин Б,5,"Единственный океанариум в городе и является одной из достопримечательностей города. Имеет два зала, общая площадь которых составляет 1500 кв. м. В зале первого этажа представлены аквариумы с орбиталями пресных водоемов и морей Дальнего востока. На втором этаже в витринах размещена коллекция морских раковин, чучила пингвинов, рыб, птиц тропиков, череп морской коровы, зародыш калана-альбиноса. Океанариум построен в 1990 году и на сегодняшний день насчитывает около 120 разных видов морских обитателей.",Опубликовано 3 июня 2015 г.
Дальневосточный округ,Приморский край,Владивосток,Развлечения в Владивостоке,Океанариум Аквамир,Константин Елисеев,4,Хороший океанариум.. в основном представлена фауна Дальнего Востока и Тихого океана. Главныйм минус - огромные очереди !!!!,
Дальневосточный округ,Приморский край,Владивосток,Развлечения в Владивостоке,Океанариум Аквамир,Леонид П,4,Гуляя пр набережной я увидел здание океанариум решил зайти посмотреть на обитателей морей и рек. Стоимость билета довольно высокая ну и я расчитывал увидит что-то особенное но войдя внутрь был разочерован насколько все убого а мне есть с чем срамнивать.,
Дальневосточный округ,Приморский край,Владивосток,Развлечения в Владивостоке,Океанариум Аквамир,Лера S,4,"Водили детей для общего ознакомления... и по причине того, что обещали с 01.01.2017 закрыть...Жаль...После зарубежных океанариумов, детей сначало ничего не впечатлило ..., но в океанариуме есть редкие экспонаты, которые не увидешь нигде...Благодаря опытному экскурсоводу получили интересную информацию... Единственный плюс в центре города...можно построить удобный маршрут с посещением и других достопримечательностей (прогулкой по набережной с фонтаном, посещением спорткомплекса)... Все таки у нас есть чем гордится...и еще бы научились бы правильно и красиво преподносить ...делать изюминку...- тогда даже из небольшого океанариума Аквамир можно сделать привлекательный туристический маршрут, приносящий доход.. Ведь где мы были..экспонатов меньше...но за счет различных маркетинговых мероприятий - туристы едут смотреть...Удачи и процветания, наш Владивостокский океанариум Аквамир.",Опубликовано 11 марта 2017 г.
Дальневосточный округ,Приморский край,Владивосток,Развлечения в Владивостоке,Океанариум Аквамир,Маргарита Т.,5,Нам всё очень понравилось. Жаль конечно что морских обитателей стало намного меньше. Дети остались немного расстроены.,Опубликовано 12 января 2023 г.
Дальневосточный округ,Приморский край,Владивосток,Развлечения в Владивостоке,Океанариум Аквамир,Марина Т,3,"Идея была очень хорошая, но по факту деньги ушли не по назначению... Куча дешевого пластика гигантских размеров, помещения оформлены просто ужасно, без вкуса и стиля для такого масштабного океанариума.
Стекла аквариумов просто ужасные. Ребёнок в очках не мог в них смотреть, увеличивалась резкость и начинали болеть глаза. У меня 100% зрение, но смотреть тоже не могла.
Часть аквариумов заполнена на половину, поэтому рыбок можно смотреть стоя на коленях... Ну что поделать, так спроектировал ""гениальный"" архитектор.
Гигантские макеты животных (абсолютно убого выглядящие) и под ними 3 крохотный аквариума к которым не подобраться.
Безопасность. Тоже сильно удивила, но писать про это не буду.
Полное разочарование от посещения.",
Дальневосточный округ,Приморский край,Владивосток,Развлечения в Владивостоке,Океанариум Аквамир,Мария Д,5,Довольно интересно для посещения. Есть большой магазин с сувенирами. Также на 2 этаже морской музей. Есть что посмотреть и детям и взрослым. Рыбок представлено не очень большое количество. Тем не менее узнала много нового.,
Дальневосточный округ,Приморский край,Владивосток,Развлечения в Владивостоке,Океанариум Аквамир,Мария П,1,"Покупаешь билет и попадаешь в казематы для несчастных обитателей сего заведения. Помещения темные, мрачные, вода мутная. При нахождении там появляется дикое желание поскорее выйти и забыть, что заходила. Рыбех искренне жалко.",Опубликовано 16 сентября 2015 г.
Дальневосточный округ,Приморский край,Владивосток,Развлечения в Владивостоке,Океанариум Аквамир,Надежда К,3,"Очень дорого. Если вы пенсионер или ветеран боевых действий-возьмите соответствующий подтверждающий документ, тогда пройдете со скидкой. Помещение оказалось темным, даже слишком мрачным. Некоторые аквариумы были грязными, много заспиртованных моллюсков и прочей живности. Ожидали большего...С другой стороны вход в зоомагазин, там гораздо интереснее можно рыбок посмотреть и бесплатно.",Опубликовано 30 августа 2015 г.
Дальневосточный округ,Приморский край,Владивосток,Развлечения в Владивостоке,Океанариум Аквамир,Наталья П,4,"В детстве мы часто с родителями ездили во Владивосток из соседнего города погулять по набережной, посетить дельфинарий, который к сожалению закрыт, а так же, обязательно сходить в океанариум! Сейчас, спустя много лет, часто бываю с деловыми визитами во Владивостоке и по-прежнему люблю, иногда, прогуляться по историческому центру города в хорошую солнечную погоду, а за одно и зайти в старый добрый океанариум. Надо сказать с моего детства там мало, что изменилось. Интерьер тот же, те же самые экспонаты и, непосредственно, все главные герои-тоже те же. Но стоит заметить, что всё в отличном состоянии, регулярно реставрируется. Из раза в раз всегда нахожу что-то интересное для себя. Всем советую посетить!",Опубликовано 7 апреля 2014 г.
Дальневосточный округ,Приморский край,Владивосток,Развлечения в Владивостоке,Океанариум Аквамир,Наталья С.,5,Расположен на набережной. Много интересных рыб и других обитателей водных глубин. Приятное соотношение цены и качества.,Опубликовано 22 июня 2017 г.
Дальневосточный округ,Приморский край,Владивосток,Развлечения в Владивостоке,Океанариум Аквамир,Олег П П,4,"Не нашёл, когда был открыт аквариум, но думаю лет тридцать ему точно есть и соответственно здание и сама экспозиция отвечала требованиям того времени. На сегодняшний день этого маловато, но посетить стоит. Центр выставки это большой аквариум в виде цилиндра, в котором плавают огромные осетры. В стенах небольшие аквариумы с различными рыбками. Есть интересные экземпляры. Вольер с крокодилом. Также здании интересант выставка бабочек, но за отдельную плату. На выходе кафе.",Опубликовано 19 октября 2017 г.
Дальневосточный округ,Приморский край,Владивосток,Развлечения в Владивостоке,Океанариум Аквамир,Петр К,4,"В России мало океанариумов. На фоне подобных объектов в Японии, Австралии и других зарубежных странах он очень маленький и не самый дешевый. Но общее представление о фауне Тихого океана и реки Амур он даёт.",Опубликовано 30 сентября 2015 г.
Дальневосточный округ,Приморский край,Владивосток,Развлечения в Владивостоке,Океанариум Аквамир,Светлана К,5,"Особенностью данного океанариума для нас явилось то, что нем представлены не только водоплавающие представители (различные рыбы, ракообразные, черепахи и.т.п.), но и имеется отдельный зал где представлены манекены различных морских животных, паразитов, которые в них живут, а также множество ракушек и кораллов. Стоимость посещения составляет 250 рублей на человека. В отдельном помещении на территории океанариума имеется лавка, где можно приобрести сувениры по очень приемлемым ценам.",
Дальневосточный округ,Приморский край,Владивосток,Развлечения в Владивостоке,Океанариум Аквамир,Сергей Г,2,Маленькая экспозиция. Единственный аквариум понравился с белугами и калугами. Скудно. Не понравилось. Лучше не тратить своё время.,Опубликовано 23 июня 2015 г.
Дальневосточный округ,Приморский край,Владивосток,Развлечения в Владивостоке,Океанариум Аквамир,Сергей К,3,"Путешествуя по Владивостоку мою группу привезли на остров Русский и издалека показали строящийся океанариум, рассказали о том, что будет в нем, поэтому я был готов к тому, что в старом океанариуме всё выглядит по-старому - так оно и получилось. Тем не менее есть, что посмотреть: впечатляет аквариум с осетровыми, понравилась камбала.... На втором этаже представлена прекрасная коллекция птиц, рыб и других даров морей тихого океана. В общем было интересно.... но, хочется, большего.",Опубликовано 5 декабря 2014 г.
Дальневосточный округ,Приморский край,Владивосток,Развлечения в Владивостоке,Океанариум Аквамир,Татьяна В,5,"Океанариум хоть и небольшой, но там очень интересно.
Особенно хорош аквариум, который размещен в центре зала и можно ходить за рыбами вокруг него и ,например, заглянуть в глаза осетру)
Вообще, кроме рыб там есть еще и полипы и крабики и кожистая черепаха и много кого еще)
Крокодил там тоже есть.",Опубликовано 30 мая 2014 г.
Дальневосточный округ,Приморский край,Владивосток,Развлечения в Владивостоке,Океанариум Аквамир,Татьяна Г,5,"Океанариум расположен на набережной. Много аквариумов с красивыми рыбами и другими морскими гадами. Есть магазинчик, где можно приобрести сувениры.",Опубликовано 12 августа 2015 г.
Дальневосточный округ,Приморский край,Владивосток,Развлечения в Владивостоке,Океанариум Аквамир,Татьяна П,5,"Часто бываю в разных городах и странах и почти всегда бываю в местных океанариумах. Вроде бы что можно нового увидеть, а везде сделано совершенно по-разному, какая-то своя изюминка. Вот и во Владивостоке главный корпус океанариума сделан похожим на белую раковину двустворчатого моллюска, высунувшуюся из синих морских вод.
В левом крыле расположен 75-и метровый подводный тоннель с разнообразной морской живностью. В восточной части расположен дельфинарий с ареной и трибунами для зрителей. Сколько бы не смотрел представления, а в новом месте пропустить такое зрелище не возможно!",Опубликовано 30 декабря 2014 г.
Дальневосточный округ,Приморский край,Владивосток,Развлечения в Владивостоке,Океанариум Аквамир,Худякова Л,5,"По приезду нас встретил безоплатный автобус и подвез всех гостей до океанариума. Было приятно.
Вокруг очень красивая территория. Не только перед зданием, но и за ним.
В океанариуме отлично. Много необычных экспозиций.",
Дальневосточный округ,Приморский край,Владивосток,Развлечения в Владивостоке,Океанариум Аквамир,юлия ю,5,"сам океанариум понравился тем, что представлены наши обитатели рек-океанов, например, огромный осетр размером больше, чем человек. а наверху - музей, его посещение входит в стоимость билета. туда идти обязательно! очень интересно. тут и зародыши акулы, и все виды водорослей, можно рассмотреть животных, птиц, рыб, информация о которых собиралась много лет. найдете много интересно и такого, чего мы, например, не встречали ни в каких других музеях.",Опубликовано 18 июля 2014 г.
